date,open,high,low,close,volume
2021-08-01,4014917.873916626,4116959.270133972,3825972.027935028,3857097.0718238833,80330.0
2021-08-02,3858719.651574707,3914776.3767700195,3744777.002105713,3790836.041333008,74810.0
2021-08-03,3791132.5101013184,3849130.911834717,3647956.215301513,3690748.427261353,260.0
2021-08-04,3697874.327197266,3869083.689147949,3636637.5190429688,3847819.2946655275,79220.0
2021-08-05,3846150.895678711,4004113.1059211735,3616839.9844314577,3955801.9721923824,130600.0
2021-08-08,4336380.873703003,4404385.904708862,4212810.519165039,4259340.27722168,105250.0
2021-08-09,4247995.705828858,4506571.634820556,4153830.5351989744,4489461.276251221,117080.0
2021-08-10,4490223.358015442,4527245.885951233,4334934.421395874,4423474.14622345,80550.0
2021-08-11,4421298.232968139,4532167.184253693,4399450.271169282,4418495.720336151,75430.0
2021-08-12,4419234.072254181,4482425.153434753,4249728.725406647,4306828.632530212,81070.0
2021-08-15,4571334.235546875,4596723.740429687,4423900.341992187,4562469.754492188,58110.0
2021-08-16,4559223.82507019,4657293.766131592,4431203.161011505,4462657.726595307,2410.0
2021-08-17,4459904.58864212,4579700.0109207155,4317463.547246552,4341780.142977905,84140.0
2021-08-18,4346991.651081848,4474781.694987488,4302141.605987549,4350172.298391724,22360.0
2021-08-19,4350770.000107574,4573182.529050446,4278863.36023941,4548240.886109161,77920.0
2021-08-22,4744145.011523438,4803351.689646149,4674308.506782532,4781431.9193229675,49320.0
2021-08-23,4797539.9192672735,4918648.693850708,4776423.317747497,4825231.108437347,75370.0
2021-08-24,4822489.142971039,4853147.8383956915,4636638.448477172,4645507.953568268,74260.0
2021-08-25,4646953.433927918,4795282.219172668,4593955.212197114,4772323.790828705,63540.0
2021-08-26,4773852.601251221,4808286.730647278,4517204.336312867,4563116.508840942,73790.0
2021-08-29,4765584.895030975,4835948.35931015,4665243.866191864,4753665.986885071,47620.0
2021-08-30,4761474.01291275,4772104.503860474,4575982.195659637,4587286.24388504,61680.0
2021-08-31,4593061.560054779,4713085.571784973,4565711.842258453,4606873.265289307,71480.0
2021-09-01,4605152.298446655,4799777.76096344,4546905.366924286,4770307.412788391,74380.0
2021-09-02,4775764.269232178,4926175.339865113,4755719.242648316,4820422.905813599,80210.0
2021-09-05,4884243.4669097895,5075968.71362915,4842532.585217285,5065245.015216065,57300.0
2021-09-06,5070745.427252198,5164462.743365478,4995657.95386963,5159163.71869812,69460.0
2021-09-07,5155998.104634094,5176661.564162445,4216128.8213592535,4579006.96993103,187560.0
2021-09-08,4583319.375744629,4636507.481066895,4359866.620812988,4513483.040698242,100480.0
2021-09-09,4511512.204370117,4633768.213851165,4467570.175804138,4543641.017053222,73630.0
2021-09-12,4427976.682077026,4547964.412268067,4388033.062792968,4516187.9591262825,44520.0
2021-09-13,4522060.647656251,4595388.229846191,4267038.9211914055,4412957.766296387,96150.0
2021-09-14,4410470.536665344,4635889.2224761965,4387755.978571319,4619199.173526764,65330.0
2021-09-15,4620544.956814576,4754604.251483917,4588455.930361176,4724576.618592834,63400.0
2021-09-16,4730093.893173981,4764322.294953918,4622780.040909577,4692327.672088623,60910.0
2021-09-19,4745494.286420441,4749620.811734772,4604671.697538757,4641230.746811676,41980.0
2021-09-20,4647195.482666016,4655370.237213135,4185464.490875244,4217287.993835449,77960.0
2021-09-21,4231752.1010719305,4291471.612126923,3900638.403451538,3999465.8315483094,142550.0
2021-09-22,4004413.7671875004,4330974.868066406,3997017.6639648434,4289109.575390625,93980.0
2021-09-23,4287470.589637756,4425208.906173706,4242125.533103943,4417274.013519287,74540.0
2021-09-26,4204884.131478882,4325211.405809022,4017798.1229583737,4255871.767330932,69910.0
2021-09-27,4257536.829160309,4365185.222561645,4153367.3227745057,4156195.7663253783,54120.0
2021-09-28,4156366.5862495424,4214409.984091187,4031832.9928161623,4043256.3750709537,60010.0
2021-09-29,4045595.5767692565,4198265.328991699,4025073.2749557495,4096255.3866760256,48210.0
2021-09-30,4101120.5607528687,4354556.767840575,4089488.9773208615,4327116.894871522,64319.99999999999
2021-10-03,4700228.028764344,4848121.511196899,4646742.614128113,4752954.1556190485,42410.0
2021-10-04,4766778.396194458,4893492.555393219,4643970.589363098,4868333.668247223,66920.0
2021-10-05,4868132.828556061,5129479.952792359,4851381.455879974,5089618.805651093,76630.0
2021-10-06,5090460.044784546,5506449.630841827,4988542.052242279,5471547.292590331,116260.0
2021-10-07,5469235.3021942135,5469274.844647217,5286470.084414673,5316868.345160675,75680.0
2021-10-10,5426499.5159339905,5573632.542805481,5343367.4297973635,5401333.713928985,104430.0
2021-10-11,5405434.072654724,5714536.863853455,5382789.070907593,5681246.437889099,73840.0
2021-10-12,5690254.878790283,5705608.903134155,5361078.852044678,5545257.8481231695,74850.0
2021-10-13,5547043.64333725,5713699.058406067,5378684.934466553,5682277.248909759,73620.0
2021-10-14,5682911.2166870115,5795449.310081482,5633026.361627198,5680474.426705933,59840.0
2021-10-17,6036518.644443512,6114462.635746765,5865724.208226013,6102174.481372833,53390.0
2021-10-18,6104903.513378907,6213832.825585937,5956175.0145019535,6157542.427685548,80150.0
2021-10-19,6160020.717607116,6400720.541488647,6102502.218559265,6383292.197940826,80160.0
2021-10-20,6383975.313264466,6651165.709623719,6311153.962208557,6553037.647917176,79870.0
2021-10-21,6555655.913153077,6616470.282388305,6167061.727896118,6178791.561322021,105380.0
2021-10-24,6088179.948576354,6104237.485703277,5910971.074098968,6044317.152355194,42670.0
2021-10-25,6052011.338651276,6333460.695565796,6031279.245057679,6271035.715431213,51060.0
2021-10-26,6277593.695354462,6298257.721218109,5963034.665805817,6003198.126480103,57130.0
2021-10-27,6009422.886371613,6123050.175235748,5790229.030906677,5822661.232349396,88110.0
2021-10-28,5823190.830450439,6203260.925294495,5792389.418238831,6036967.179908752,88470.0
2021-11-01,6114881.203932953,6226586.566481781,5945587.737512969,6075505.0636344915,61210.0
2021-11-02,6077295.498591613,6410951.015982056,6051285.094493866,6307717.547934722,65260.00000000001
2021-11-03,6310489.323108673,6338945.838581848,6076878.398994446,6280046.540859222,61050.0
2021-11-04,6282306.596722412,6298502.792407227,6065375.430722046,6132247.14619751,49910.0
2021-11-05,6134824.810409546,6249586.48765564,6067983.7255859375,6091149.840621948,44460.0
2021-11-08,6320863.006414795,6769072.452961732,6320863.006414795,6745557.664640808,81080.0
2021-11-09,6753626.3181427,6850097.121615601,6634232.947640991,6691189.326013183,66130.0
2021-11-10,6698977.116192628,6903921.428692628,6299565.8688873295,6497835.481365967,96210.0
2021-11-11,6500479.554681397,6566612.973847962,6420288.403416443,6488854.891600036,50370.0
2021-11-12,6490353.35828247,6557187.889859009,6242601.727139282,6425422.373550415,63270.0
2021-11-15,6568834.413986206,6648675.22644043,6360744.972610474,6376626.907424927,53530.0
2021-11-16,6377836.023028565,6377886.159228516,5881567.861431885,6025278.264971924,115360.0
2021-11-17,6025087.696087646,6099335.416763306,5870404.108895875,6054534.043231201,73930.0
2021-11-18,6059778.1731063835,6116864.45109787,5673936.366629029,5717190.238945771,100370.0
2021-11-19,5710964.037749481,5854229.119649506,5582310.468825531,5828889.785676575,74440.0
2021-11-22,5904758.8095321655,5961936.313148499,5596758.500305176,5662322.57409668,76450.0
2021-11-23,5653131.306945801,5808784.989494324,5576594.6352005005,5780481.581695557,72480.0
2021-11-24,5788489.745845032,5802367.784617615,5622677.35216217,5749500.502133941,56680.0
2021-11-25,5750044.0997222895,5973358.696932984,5736234.040179444,5927875.019400024,56790.0
2021-11-26,5934290.762094117,5955817.899661255,5390191.856643677,5410067.707699585,104030.0
2021-11-29,5785303.500346375,5943558.864294433,5728609.887098693,5836473.172296143,58650.0
2021-11-30,5830096.532250976,5969223.469042969,5642640.335440827,5738068.179267121,73660.0
2021-12-01,5743174.838605499,5962497.194139862,5703279.692279816,5775337.271852875,66750.0
2021-12-02,5776524.346681214,5793659.705524445,5635170.258026886,5704650.755493164,54940.0
2021-12-03,5707606.541235351,5813524.472277832,5254363.872372436,5418292.177322388,89200.0
2021-12-06,4991671.624584961,5143324.710424805,4772031.244067383,5107846.050854492,89680.0
2021-12-07,5117406.327345276,5256226.277650451,5069165.584696198,5122245.587573241,56290.0
2021-12-08,5129093.673416138,5190738.168556213,4936901.931373596,5116655.292304993,55590.0
2021-12-09,5117303.030187988,5148993.699459839,4799412.973771668,4825233.87416687,58690.0
2021-12-10,4831961.641674042,5073916.599960327,4772607.494297028,4785816.482620239,68060.0
2021-12-13,5061046.2677612305,5073194.5818481445,4633763.177368164,4720216.321044922,80370.0
2021-12-14,4748266.130871583,4943971.570739746,4710501.446209718,4916677.310089111,62540.0
2021-12-15,4920182.248905945,5033272.932195283,4737723.447477722,4971585.25535202,80280.0
2021-12-16,4976663.501037598,5028714.388000488,4840966.675811768,4849550.184753418,48200.0
2021-12-17,4851661.280969239,4889023.750271606,4637081.733988953,4703128.149189758,67500.0
2021-12-20,4785897.349781799,4866390.897751617,4670501.061597443,4805551.916937255,57530.0
2021-12-21,4789799.380555725,5035518.628694152,4764665.753387451,4994248.824798584,57880.0
2021-12-22,4996381.136998748,5061938.669969941,4950503.125302887,4965829.855268097,40890.0
2021-12-23,4969299.459576416,5251099.912884521,4913450.617922974,5194392.172897339,56240.0
2021-12-24,5196057.509884643,5297089.745622254,5157297.293927002,5193879.165293884,45970.0
2021-12-27,5190842.775888061,5316843.136040498,5157663.8054122925,5180069.320903014,43900.0
2021-12-28,5199639.627278137,5199680.647325135,4855307.097772979,4875765.846212768,74390.0
2021-12-29,4878969.648730469,4937796.30324707,4733201.03647461,4767462.714379882,63920.0
2021-12-30,4769063.032909393,4915888.849632263,4721065.245475769,4836036.212467194,60960.0
2021-12-31,4838728.674577332,4985625.968312073,4691923.794909668,4745924.414772034,58180.0
2022-01-03,4855183.648247528,4882090.789215088,4691964.787414551,4766516.354643249,41060.0
2022-01-04,4780690.152550506,4890818.873689271,4694868.611986541,4719083.134947968,55590.0
2022-01-05,4725791.523577881,4848109.378674316,4385739.0190612795,4477588.25223999,83740.0
2022-01-06,4477580.855017089,4512705.321932984,4379589.056356811,4443136.815109253,63080.0
2022-01-07,4449155.834954835,4452232.19932251,4212967.444458008,4289019.713909912,88360.0
2022-01-10,4298278.130962372,4338838.098701477,4077257.6331710815,4296562.882896423,85500.0
2022-01-11,4327391.959667969,4457857.927148437,4271371.563671875,4420924.812890625,61780.0
2022-01-12,4423850.436630249,4580017.9987854,4397111.6846054075,4544552.662185669,53950.0
2022-01-13,4550476.551818848,4602791.483839416,4388514.829444885,4411578.1787109375,53420.0
2022-01-14,4416198.4351501465,4506769.402206421,4342166.604476929,4469229.505447388,50500.0
2022-01-17,4476270.75428009,4486567.720001221,4318221.162368774,4385748.892158508,41440.0
2022-01-18,4391601.763999176,4439908.457429504,4297006.791638946,4407697.059010315,47320.0
2022-01-19,4411175.674273682,4431240.056030273,4285770.685235596,4339591.5411254885,53770.0
2022-01-20,4343476.151721192,4531402.800082398,4227260.686837769,4242640.766293335,65280.0
2022-01-21,4243258.82388916,4285641.262182617,3701701.970300293,3803002.7748413086,155800.0
2022-01-24,3784636.9325897214,3905203.194091797,3442055.111132812,3828224.025743103,153770.0
2022-01-25,3833700.5804611207,3918385.8960662843,3733185.745652771,3860793.6123382566,79680.0
2022-01-26,3866801.9115409856,4065601.3280410767,3795423.2650756836,3849864.782913208,107870.0
2022-01-27,3852972.323032379,3896454.253944397,3721374.829742431,3891104.081371308,83520.0
2022-01-28,3896460.732107544,3980296.9257408143,3789703.934741974,3954024.131334686,69450.0
2022-01-31,3963870.386621094,4045146.672558594,3833113.398828125,4023949.616503906,61270.0
2022-02-01,4045757.5401763916,4125083.645248413,3999732.8368492126,4070373.448444366,55200.0
2022-02-02,4068739.3292358397,4083727.2972747805,3855491.8653213503,3877343.187588501,53740.0
2022-02-03,3879312.2110198974,3922858.279801941,3816963.8309646607,3921123.1671844483,50350.0
2022-02-04,3925705.6247833255,4389069.395126343,3899732.744172668,4376288.253228759,95490.0
2022-02-07,4463873.434231567,4683258.850623322,4391225.908799744,4616445.87565384,76600.0
2022-02-08,4630160.690709687,4795566.20164032,4510915.348548889,4651740.833683777,92880.0
2022-02-09,4659099.236837768,4739737.533551025,4566505.905319214,4696202.163441467,50920.0
2022-02-10,4699904.399272156,4844568.479272461,4578523.369255066,4608010.9973602295,89690.0
2022-02-11,4614132.520801544,4656097.20432663,4455529.766670227,4494228.881088257,69950.0
2022-02-14,4467152.1511360165,4545596.095275115,4417256.449868012,4519108.253861237,53600.0
2022-02-15,4523366.789897919,4754296.05896759,4513777.957752228,4735352.268630981,56340.0
2022-02-16,4743541.963821411,4744819.946609497,4619652.182373047,4673540.456604004,41400.0
2022-02-17,4674728.848171234,4704725.171413422,4271898.252983093,4319726.197357178,72630.0
2022-02-18,4323087.4372673035,4366070.333393097,4213497.050743103,4266303.085164642,64959.99999999999
2022-02-21,4097903.950996399,4214264.97806015,3939126.866872406,3955024.87516098,91820.0
2022-02-22,3963563.208636475,4113097.692315674,3897318.7685302733,4095249.061047363,82750.0
2022-02-23,4099864.6294326778,4201299.517841339,3976734.2729759216,3990143.8730392456,64840.0
2022-02-24,3995887.3734268188,4221307.84704895,3685572.1806533816,4112706.111303711,180470.0
2022-02-25,4116721.033325195,4261088.454380035,4084873.2258987427,4210181.35559082,83780.0
2022-02-28,4047706.7599243163,4720828.869462586,4021052.816155243,4636068.684202575,108070.0
2022-03-01,4637098.416015625,4821058.957939148,4603748.655715942,4769498.897102356,90670.0
2022-03-02,4770359.36418686,4864208.731443786,4656631.843961335,4715858.215447999,80820.0
2022-03-03,4737183.422552491,4754918.409951782,4513662.1701721195,4580783.272117615,74110.0
2022-03-04,4587841.864677429,4629514.15837326,4169919.647293854,4229105.7569297785,3210000000.0
2022-03-07,4187707.3376937862,4308845.943939209,4052715.288175201,4144566.5599792483,3020000000.0
2022-03-08,4122948.7354888916,4267271.351966858,4108417.793563843,4201480.885803223,2670000000.0
2022-03-09,4204243.27513504,4617487.124416351,4196840.272634125,4551326.86013031,3600000000.0
2022-03-10,4557218.539175415,4567564.517129516,4195283.192764282,4283615.2398345955,3620000000.0
2022-03-11,4287982.184963226,4370049.089866638,4158970.182437134,4212680.769105529,2790000000.0
2022-03-14,4104970.642490387,4335781.889560699,4085863.103729248,4309363.734775543,2330000000.0
2022-03-15,4332306.007614136,4352147.713600159,4173736.160270691,4290012.706962585,2250000000.0
2022-03-16,4292297.643661499,4556626.47277832,4256315.880432129,4492934.490432739,4470000000.0
2022-03-17,4498854.526654815,4530288.421829224,4437485.672483826,4476545.542227173,1900000000.0
2022-03-18,4480576.350466919,4633212.018841553,4406131.145013428,4574010.668344117,2310000000.0
2022-03-21,4533279.939956665,4560733.066864014,4450700.93421936,4504728.687973022,406620000.0
2022-03-22,4510774.3878479,4764330.8858474735,4496589.562728882,4659330.192001343,537060000.0
2022-03-23,4663928.854759216,4735913.5967178345,4600309.312171936,4723255.729248047,433960000.0
2022-03-24,4729134.186317444,4876812.8656692505,4701251.569992065,4850583.368888855,491660000.0
2022-03-25,4868962.63785553,4990540.124938965,4825708.045089722,4904141.564964294,494090000.0
2022-03-27,4940095.61227417,5206831.051803589,4929337.467727661,5197071.085617065,388790000.0
2022-03-28,5186846.777290344,5335172.06552887,5166147.651245117,5214076.643638611,610270000.0
2022-03-29,5221771.276382446,5332686.547096252,5211023.243156433,5257561.118980408,478820000.0
2022-03-30,5261424.82119751,5290809.583312988,5167393.5824279785,5219953.496551514,467760000.0
2022-03-31,5224687.4325790405,5286068.158508301,5020122.011444092,5053087.790107727,520000000.0
2022-04-03,5093114.662696838,5273435.357322693,5064321.160903931,5159150.724723816,398860000.0
2022-04-04,5177386.0925216675,5232275.957359314,5037372.311279297,5202153.4705581665,446120000.0
2022-04-05,5207093.061584473,5272664.856048584,5070140.727661133,5083322.110534668,421110000.0
2022-04-06,5087681.223312378,5090477.021232605,4822415.916641235,4828119.344398499,649520000.0
2022-04-07,4833328.688415527,4914731.411773682,4786412.951019287,4864904.435302734,390850000.0
2022-04-10,4791892.327270508,4865967.182937622,4693723.532165527,4722188.000152588,255830000.0
2022-04-11,4742516.678466797,4773350.238876343,4411449.763412476,4444646.479911804,608380000.0
2022-04-12,4453359.902114868,4585358.900909424,4426080.860519409,4517724.913482666,468270000.0
2022-04-13,4525972.383483887,4688953.471260071,4470515.89415741,4645808.096672058,406700000.0
2022-04-14,4645295.001159668,4686064.006469727,4470473.89251709,4510113.5625,294290000.0
2022-04-17,4596818.385543823,4621520.222740173,4503361.20426178,4519525.540122986,210010000.0
2022-04-18,4532784.573364258,4692060.001068115,4404564.999664307,4658720.628387451,484260000.0
2022-04-19,4643496.737205505,4750114.3079071045,4618008.652000427,4722464.286903381,268280000.0
2022-04-20,4729138.933639526,4809365.295944214,4662587.519454956,4714210.448608398,382840000.0
2022-04-21,4719626.027069092,4902045.22013855,4539716.666549683,4618320.058685303,493050000.0
2022-04-24,4501769.638961792,4558278.640617371,4455991.639640808,4505194.426940918,283630000.0
2022-04-25,4525778.802612305,4655941.962478638,4384606.24772644,4636216.796401978,654600000.0
2022-04-26,4644438.487998962,4681990.879898071,4330353.4976501465,4376863.340827942,681470000.0
2022-04-27,4384256.399795532,4537710.55027771,4356188.324295044,4514243.798629761,426830000.0
2022-04-28,4519585.998710632,4650763.748947144,4478700.922912598,4577746.458648682,542390000.0
2022-05-01,4343329.430053711,4462637.719482422,4315060.057800293,4437829.903015137,276990000.0
2022-05-02,4452387.583557129,4529001.239730835,4404822.307594299,4457248.268692017,580790000.0
2022-05-03,4462833.063468933,4478128.2462387085,4346728.721534729,4370482.603866577,367210000.0
2022-05-04,4375473.858009338,4642756.297462463,4368861.401824951,4604125.632385254,691490000.0
2022-05-05,4609362.73425293,4626436.168762207,4202503.9513549805,4244432.58984375,1040000000.0
2022-05-08,4131361.1963500977,4134739.1560516357,3928567.132888794,3967355.4287719727,671050000.0
2022-05-09,3974442.577331543,3996158.9287719727,3513729.013977051,3513729.013977051,268090.0
2022-05-10,3519553.3806808474,3814582.0926788333,3488308.1679000854,3625882.9913902283,235610.0
2022-05-11,3630490.270751953,3759936.5440795897,3259046.4374198914,3403373.880555725,296900.0
2022-05-12,3408892.9708648683,3533566.2425125125,3107217.1873397827,3397472.6975097656,309480.0
2022-05-15,3535738.8333480833,3689165.0674575805,3467653.8848373415,3680337.0639472962,65440.0
2022-05-16,3688682.7474220274,3689165.8014129642,3432723.0412490843,3516750.872062683,100250.0
2022-05-17,3525536.3655937198,3627488.292566681,3481586.276157379,3594118.3428764343,79630.0
2022-05-18,3591987.959384918,3621538.145340729,3380817.4212486264,3385018.6457695006,92030.0
2022-05-19,3396571.8645355226,3612517.4500053404,3394406.136353302,3586576.050139618,101380.0
2022-05-22,3484786.8538742065,3606617.6449127197,3464315.9658561703,3585850.763719177,50600.0
2022-05-23,3601048.638661957,3643554.07454834,3437720.7581665036,3459086.4276176454,92100.0
2022-05-24,3463799.63722229,3549431.3899993896,3417899.969959259,3530130.907344818,79420.0
2022-05-25,3529683.7067230227,3595589.8982269284,3494540.0872650146,3516814.379949951,78850.0
2022-05-26,3526505.29913559,3566023.1136726383,3352197.114168549,3486581.56142807,126710.0
2022-05-29,3469082.597593689,3532352.1742019653,3446566.5639083865,3521440.7417419436,36870.0
2022-05-30,3535783.086102295,3862227.308691406,3516823.3054931643,3806751.9506179807,129560.0
2022-05-31,3813410.9753341675,3891205.0303459167,3752238.1435699463,3821006.5017929077,86600.0
2022-06-01,3824312.952861786,3845579.7852897644,3536043.9262008667,3584387.4779701233,135090.0
2022-06-02,3588728.160774231,3689879.65051651,3565340.1154022217,3667840.4522514343,81400.0
2022-06-05,3602183.074048614,3638584.7218498234,3562850.4784622192,3607960.539024353,30330.0
2022-06-06,3620808.13057251,3843809.9739669804,3618072.3572250362,3797108.1439910885,94010.0
2022-06-07,3804634.4622756955,3827229.190420532,3545662.2507476807,3775344.9998657224,140320.0
2022-06-08,3780477.1889282227,3802933.7617080687,3628370.040472412,3668060.7272460936,87960.0
2022-06-09,3671935.657622528,3731424.173893738,3641747.63679657,3659254.986772156,61720.0
2022-06-12,3484823.768096924,3500871.3300201413,3264267.9418785092,3264267.9418785092,120020.0
2022-06-13,3254054.7050453187,3284789.679370117,2691456.687162018,2745478.327270508,379260.0
2022-06-14,2750326.1243881225,2842358.5437118527,2555749.5956741334,2714576.577052307,251010.0
2022-06-15,2715675.1494407654,2791352.1680603027,2468893.7288589478,2769700.3707084656,280410.0
2022-06-16,2775212.036558533,2819978.4773574825,2486749.973771667,2505863.5969024654,144000.0
2022-06-19,2337857.299104309,2557081.451686859,2214741.5273292544,2534138.1003997806,169390.0
2022-06-20,2528230.069179535,2579822.0877075195,2415425.5152130127,2527664.879169464,140600.0
2022-06-21,2544213.5669769286,2682446.2520286557,2519490.731026459,2562616.5584198,136320.0
2022-06-22,2566497.885699463,2584346.764828491,2450065.225177002,2473054.4824035643,125940.0
2022-06-23,2477680.7914985656,2629377.0532669066,2470260.3935813904,2618320.908544159,110700.0
2022-06-26,2667324.807474518,2710456.4819168095,2605240.020262909,2611917.672306061,67210.0
2022-06-27,2622439.701367188,2679755.7470703125,2563889.578125,2584108.5050781253,84690.0
2022-06-28,2588000.8429000857,2646970.2897857665,2523400.394416809,2531828.1684265137,83830.0
2022-06-29,2535453.6159057617,2552683.3973571775,2485777.330197144,2514610.3316680905,98970.0
2022-06-30,2518166.541996002,2523650.806789398,2339289.357433319,2495039.973335266,127730.0
2022-07-03,2413226.6283615115,2461256.903607178,2356919.5955017093,2421566.0886848453,65269.99999999999
2022-07-04,2432446.6934020994,2557554.4609436034,2399935.301132202,2546469.6003479003,92790.0
2022-07-05,2550893.657409668,2612862.2104797363,2437278.334289551,2548975.6732788086,122430.0
2022-07-06,2550121.914916992,2610082.7109680176,2500194.6008605957,2598229.5546569824,105240.0
2022-07-07,2600791.2657081606,2760181.9094833373,2565975.561948395,2737410.0102218627,115810.0
2022-07-10,2721881.237187195,2723369.0587219237,2608693.3226341247,2628577.174839783,204680.0
2022-07-11,2654769.5318847657,2655762.816467285,2533767.0946655273,2542197.279199219,160200.0
2022-07-12,2547296.826489258,2558589.3932693484,2460069.7230895995,2466615.583833313,167910.0
2022-07-13,2471122.4762268066,2588622.1027526855,2421346.198410034,2588519.8402404785,249380.0
2022-07-14,2592190.9561157227,2670558.3291198732,2517292.63866272,2635202.124572754,205280.0
2022-07-17,2703397.3667694093,2760066.0043457034,2645454.130957031,2649328.9095947263,132810.0
2022-07-18,2677793.979394531,2926344.3183044437,2675861.5401245113,2901982.7005737303,279720.0
2022-07-19,2909661.36388092,3068257.687550354,2787291.643460083,3023429.6875946047,308910.0
2022-07-20,3029278.665710449,3138742.605194092,2968775.90199585,3003814.7138305665,281310.0
2022-07-21,3009214.5022171023,3033047.272683716,2897800.5121673583,3000544.505783081,217080.0
2022-07-24,2899648.450549316,2969150.2203308106,2877884.7482482907,2916736.508795166,126660.0
2022-07-25,2944605.666418457,2953863.6694702148,2774193.2130615236,2777648.6649047853,206930.0
2022-07-26,2782417.48828125,2785121.3247070312,2708708.5561523438,2775507.6840820312,201570.0
2022-07-27,2781512.859375,3014501.215319824,2755265.9971618652,3005403.1757995603,242660.0
2022-07-28,3010241.88674469,3171888.1404190063,2964860.8286682125,3127241.3612365723,268320.0
2022-07-31,3106459.831719971,3178107.3279022216,3054147.0386901856,3062979.7514831545,138840.0
2022-08-01,3073603.4648895264,3097476.471710205,3015622.394180298,3069356.443786621,162330.0
2022-08-02,3075096.048028564,3095208.1019714354,2995771.0415771483,3037765.85592041,177300.0
2022-08-03,3043798.099433899,3127874.70198822,3005387.6704559326,3021567.4512939453,174660.0
2022-08-04,3027176.989810181,3079212.355949402,2976308.8712417604,2999308.9540573116,181190.0
2022-08-07,3060773.2948944094,3119936.5237838747,3048513.766743469,3091602.206272888,99360.0
2022-08-08,3095327.6668670652,3236742.5755706783,3093364.312921142,3180940.583828735,197940.0
2022-08-09,3187800.2427963256,3200367.762573242,3063115.4565963745,3097940.4688003543,169620.0
2022-08-10,3102186.121920776,3244174.6237884522,3043814.8578460696,3211076.1338287354,243610.0
2022-08-11,3217162.243829346,3339359.982635498,3203830.8491210938,3213403.139581299,285360.0
2022-08-14,3290121.63232727,3364856.4354034425,3253790.718511963,3271370.6271606446,177250.0
2022-08-15,3269505.8607421876,3390905.0982421874,3199712.0615234375,3242384.7544921874,279280.0
2022-08-16,3260645.670639038,3279341.630065918,3205342.4274139404,3227393.378112793,201700.0
2022-08-17,3233019.29229126,3309955.9304351807,3143004.645373535,3162845.2721557617,239530.0
2022-08-18,3169201.3299942017,3201833.469390869,3141172.725868225,3150990.8851623535,160970.0
2022-08-21,2877896.2808761597,2953250.9867248535,2869523.5357818604,2929398.8738708496,177520.0
2022-08-22,2940025.3333984376,2940107.3165557864,2857399.9746505735,2926293.1545425416,251830.0
2022-08-23,2932786.3463516235,2966268.300064087,2864740.608929443,2946576.255303955,228650.0
2022-08-24,2950594.092492676,2993942.0253356933,2903269.285076904,2929886.917993164,202400.0
2022-08-25,2935345.3475006106,2995218.9516662597,2929767.402734375,2962822.9079254153,190150.0
2022-08-28,2763888.1024414063,2779974.0630859374,2696109.093310547,2697116.1903320313,159600.0
2022-08-29,2703854.754258728,2820465.431236267,2703840.924719238,2806815.675759888,248040.0
2022-08-30,2812841.1446960447,2849235.835397339,2710850.082673645,2743128.542172241,308410.0
2022-08-31,2745782.151379395,2839516.6790344235,2745782.151379395,2780532.03916626,318170.0
2022-09-01,2790011.686619568,2811274.3256210326,2725235.780499268,2800615.1754409787,275080.0
2022-09-04,2763746.1051879884,2789610.672766113,2730648.93493042,2787116.1913024904,158270.0
2022-09-05,2803227.8661148073,2809254.8361618044,2754283.2628494264,2774242.3450515745,238710.0
2022-09-06,2782424.8281005863,2835266.3557250975,2631997.2710083006,2640867.450292969,402430.0
2022-09-07,2644165.1319076535,2737003.600419617,2610680.79039917,2713864.35811615,319100.0
2022-09-08,2721003.1263656616,2744033.892137146,2686146.5139541626,2726069.330355835,291430.0
2022-09-11,3054863.643530274,3081108.1765502933,3014311.6070251465,3080896.5270904545,297120.0
2022-09-12,3106612.2076782226,3196069.2548461915,3070334.3020996093,3186096.387469482,431980.0
2022-09-13,3193453.046685791,3237258.165435791,2839005.1831542966,2876921.1371765137,485320.0
2022-09-14,2882541.9300079346,2929432.97416687,2808062.035675049,2889256.9789886475,374220.0
2022-09-15,2895569.472808838,2909759.299621582,2796770.476837158,2821026.346282959,358420.0
2022-09-18,2827098.3251998904,2827098.3251998904,2719405.4990066527,2729398.9210144044,273110.0
2022-09-19,2803050.2478057863,2839024.1743743895,2638540.269003296,2820589.702372742,423430.0
2022-09-20,2825764.8156875614,2838404.8233078,2710601.9087310787,2729373.9108947758,361180.0
2022-09-21,2734404.251618957,2862366.4491943363,2635415.720425415,2678470.5886688232,446850.0
2022-09-22,2683734.0742355343,2829300.6024154667,2666735.8288726807,2816686.191467285,448630.0
2022-09-25,2763984.634310913,2793194.3572113034,2725208.7271606443,2746181.308203125,209710.0
2022-09-26,2738790.7558502196,2811866.5424072263,2723074.43659668,2800345.1257904056,516030.0
2022-09-27,2818001.8240722655,2983956.291619873,2762546.8871948244,2796341.571243286,660120.0
2022-09-28,2802897.6701660156,2901950.993408203,2717988.526977539,2851014.3200683594,581190.0
2022-09-29,2855854.852157593,2886927.762336731,2776106.4414138794,2881266.110458374,449570.0
2022-10-02,2845886.4625350954,2857380.8853561403,2790683.760115051,2807615.9291168214,222820.0
2022-10-03,2825347.6499755858,2917027.3466186523,2817001.002302551,2909955.6753219604,333030.0
2022-10-04,2916561.9918396,3036376.1301208492,2898242.1961425785,3022127.4001342775,368170.0
2022-10-05,3028374.4358825684,3030354.5927124023,2942200.392791748,3001128.66897583,352760.0
2022-10-06,3007128.613319397,3048780.123121643,2964790.868040466,2977172.9429458617,370600.0
2022-10-09,2913690.5158264157,2934069.22711792,2900679.9541992187,2917397.1002807617,127530.0
2022-10-10,2900393.9475677493,2912179.497280884,2843002.7959899902,2854579.4878601073,243770.0
2022-10-11,2883057.791230774,2902193.497239685,2843038.5509475707,2871727.042475891,288570.0
2022-10-12,2878019.327354431,2901289.9298858643,2870785.9603118896,2892561.5663146973,242180.0
2022-10-13,2897889.952566528,2949298.1263671876,2754664.178178406,2931960.3490936277,455130.0
2022-10-16,2886812.2358886716,2938753.903855896,2886388.345855713,2916045.5092330934,140950.0
2022-10-17,2937270.3521362306,2998464.1198425293,2922234.9534423826,2980882.1576782227,248400.0
2022-10-18,2987392.2985900883,3009474.8315414432,2919295.574139404,2953741.2691375734,290070.0
2022-10-19,2960450.2213714602,2965106.510458374,2925681.2206237796,2929158.1206985475,209280.0
2022-10-20,2935528.6299575805,2967669.622428894,2906442.1062072753,2922911.67875824,253200.0
2022-10-23,2954122.623413086,3027357.3241653442,2936848.4018325806,3010483.0400390625,180630.0
2022-10-24,3027084.6353515624,3029775.899691772,2966144.5117858886,2990010.1490097046,286940.0
2022-10-25,2998046.6695434568,3164777.133050537,2985205.7409057617,3114499.0042541507,371540.0
2022-10-26,3121128.7661132812,3260149.1131591797,3117415.134399414,3227208.112182617,427990.0
2022-10-27,3233857.3565597534,3249178.455473328,3150105.1298767086,3159649.676252747,365490.0
2022-10-31,3221147.9047546387,3251819.554541016,3163989.9423217773,3200892.7470291136,327470.0
2022-11-01,3216032.805451965,3244354.9702239987,3192810.1994338986,3214055.7457504272,302720.0
2022-11-02,3221648.6258911137,3268110.552868652,3156045.13996582,3169980.5723632816,420230.0
2022-11-03,3176109.3795776367,3212434.3379974365,3162335.8378601074,3184367.2009277344,347230.0
2022-11-04,3189800.1991943363,3359579.5816787723,3186358.831887817,3338110.5012344364,499500.0
2022-11-07,3322161.819049072,3344255.2442260743,3241824.9789733887,3270176.3549194336,414240.0
2022-11-08,3280824.2885284424,3293333.1382369995,2750353.4518432617,2952311.6189849856,865100.0
2022-11-09,2960979.3832092285,2968150.6810913086,2492113.858428955,2537409.6285705566,869570.0
2022-11-10,2542229.8081359863,2902465.7081848145,2528196.097921753,2814599.0003326414,720740.0
2022-11-11,2820042.7215744015,2834520.4298004154,2635087.1932296753,2733593.3276046757,466350.0
2022-11-14,2606493.1522369385,2739556.0247070314,2528098.7793273926,2652587.76620636,442460.0
2022-11-15,2687703.9152526855,2768100.475341797,2676202.5160125736,2733013.9282928463,337150.0
2022-11-16,2738906.6014251714,2754793.3426055913,2659926.8024139404,2681373.9030075073,295730.0
2022-11-17,2687159.6455307007,2719521.557286072,2668525.552767944,2711642.2765625003,257000.0
2022-11-18,2720951.1556823733,2742259.2013336183,2694515.5054626465,2708400.7330718995,241960.0
2022-11-21,2654659.223236084,2656175.8358917236,2528372.6812438965,2572729.5245056152,372150.0
2022-11-22,2573649.834552002,2654888.9873229982,2548168.7990844725,2644823.815182495,287210.0
2022-11-23,2667621.651739502,2743405.142724609,2658640.148358154,2734571.6861022953,305080.0
2022-11-24,2735816.898519898,2765588.9605957028,2713920.3459472656,2735207.2879516603,229590.0
2022-11-25,2742654.896343994,2744505.2954162597,2703053.051913452,2728066.482229614,204070.0
2022-11-28,2727780.7864959715,2736964.115313721,2659262.857559204,2692176.7051483155,284840.0
2022-11-29,2701137.8915878297,2754371.229837036,2682510.3885635375,2739209.308770752,271580.0
2022-11-30,2744898.379040527,2874239.5774154663,2743629.5096618654,2865624.6221603397,348220.0
2022-12-01,2871294.140856934,2884894.9550109864,2822026.7390319826,2839274.5119628906,266140.0
2022-12-02,2845282.528619385,2866070.3483215333,2816397.517855835,2865634.474682617,227010.0
2022-12-05,2872364.8252258305,2920772.35546875,2835425.329376221,2848790.7106018066,268720.0
2022-12-06,2869773.1703140256,2892573.982710266,2861079.091996765,2890578.065898132,246190.0
2022-12-07,2896508.8369934084,2902830.8716827394,2833102.0493988036,2853424.085839844,244360.0
2022-12-08,2858655.800976563,2936595.0599487307,2846871.520861816,2924963.6019104007,261640.0
2022-12-09,2924900.0986816403,2935597.4738800046,2900533.855174255,2907937.1180099486,260840.0
2022-12-12,2910552.611138916,2934271.983680725,2873994.4683914185,2930508.8958618166,249390.0
2022-12-13,2947941.4946914674,3074811.1101745605,2928004.1067581177,3045179.081716919,328710.0
2022-12-14,3054050.4772430416,3152516.1457183836,3037473.476182556,3057108.2038635258,318980.0
2022-12-15,3061931.230297852,3070482.2845642087,2976214.223547363,2986176.1157409665,263440.0
2022-12-16,2990989.8315826417,3018871.9839935303,2850665.7480957033,2865692.4705322264,303560.0
2022-12-19,2890760.04197998,2902570.9735717773,2819980.7896484374,2838992.245324707,207930.0
2022-12-20,2854293.572375488,2956720.582873535,2847245.2052124026,2934412.3271972653,284570.0
2022-12-21,2939651.784793091,2942556.1837829594,2910486.0536193848,2927321.1327941893,174340.0
2022-12-22,2933235.7373199463,2938533.4693756104,2886932.8620834346,2931283.941299438,198280.0
2022-12-23,2936041.682434082,2951786.217956543,2926877.734375,2928815.254821777,184120.0
2022-12-26,2941439.4933563233,2959666.4292251584,2935777.4346588138,2956520.841059875,133360.0
2022-12-27,2944428.6997924806,2952399.6916503906,2890807.2458312986,2907515.0016906736,192180.0
2022-12-28,2941390.601354981,2954630.9878784176,2900595.421069336,2913272.3868896486,217960.0
2022-12-29,2914382.266882324,2934268.0266296384,2905645.918933105,2930269.7383544925,181470.0
2022-12-30,2942128.1488403324,2943542.939611817,2893247.127685547,2936964.1625244142,192760.0
2023-01-02,2936874.1625976567,2963117.71270752,2924962.9486083984,2946753.0477905273,136030.0
2023-01-03,2970284.6779907225,2988117.3243652345,2958544.7040039063,2970480.6411376954,178730.0
2023-01-04,2974274.4185455325,3028197.4347457886,2971117.166191101,3006007.4803451537,247390.0
2023-01-05,3009536.1072143554,3014125.720318604,2995267.232232666,3005535.821862793,178960.0
2023-01-06,3010938.6868865965,3043588.885365295,2989076.471795654,3032604.1062606815,233470.0
2023-01-09,3065528.1890563965,3114199.8732543946,3063397.235995483,3076469.4690582273,301240.0
2023-01-10,3094005.827540588,3149996.561691284,3088891.2027420043,3140649.764964294,247140.0
2023-01-11,3145667.587623596,3244742.453933716,3124636.9496994023,3236175.0842819214,291530.0
2023-01-12,3241188.822265625,3442496.2580078123,3236582.0380859375,3405641.9845703123,522010.0
2023-01-13,3411351.0608276366,3615987.244946289,3388368.3977722167,3606106.509490967,426670.0
2023-01-16,3786441.225030517,3883767.5312011717,3753582.0361389164,3841587.3582641603,337460.0
2023-01-17,3859250.3559936527,3917910.4367431644,3812212.986895752,3850633.5180450436,310040.0
2023-01-18,3857166.9383743284,3938736.9560897825,3731472.4681228637,3772038.4970672606,388670.0
2023-01-19,3778463.6800598144,3869641.3760925294,3778299.1653717044,3853518.936657715,275760.0
2023-01-20,3858458.010812378,4159373.392929077,3822646.956576538,4151812.0609252932,373740.0
2023-01-23,4162824.504348755,4245828.0243438715,4129626.7625839235,4200678.362297058,327850.0
2023-01-24,4224869.712811279,4269079.456842041,4151272.8411804195,4172548.0891418457,334170.0
2023-01-25,4178251.108932495,4389909.781036377,4129107.159072876,4256268.513931274,388180.0
2023-01-26,4264345.530310059,4302133.352226257,4229905.528152466,4257095.003540039,320970.0
2023-01-27,4264837.828125,4350872.074023438,4188290.8822265626,4275696.339453124,310360.0
2023-01-30,4406641.412750244,4415548.9671936035,4186550.5883789062,4237063.84503479,339620.0
2023-01-31,4259905.103219605,4340262.717814636,4239885.664988709,4314552.758930969,289380.0
2023-02-01,4324190.107954407,4447569.033226013,4265268.162890625,4436555.06126709,333180.0
2023-02-02,4442766.429241943,4532834.398510742,4381329.213613891,4386853.13272705,382860.0
2023-02-03,4394818.465910339,4444527.028913879,4358184.192874146,4395212.382824707,349360.0
2023-02-06,4314240.041503906,4350844.118591309,4257377.695648193,4281473.185241699,278580.0
2023-02-07,4304588.55446167,4413707.674914551,4302016.59598999,4397235.79382019,318980.0
2023-02-08,4406471.404823303,4439332.750083923,4300344.799598694,4352062.5684661865,289120.0
2023-02-09,4358988.811807251,4366391.534417724,4127416.463479614,4136508.525352478,425440.0
2023-02-10,4144632.828941345,4171468.1021850584,4087424.819078064,4114678.501968384,352790.0
2023-02-13,4149831.3639175417,4169796.8561172485,4080485.5703994753,4147907.2086578365,312040.0
2023-02-14,4173405.8489654544,4275302.8081237795,4131110.0827697753,4254202.835952759,378390.0
2023-02-15,4261727.88899231,4671111.791079712,4233372.044714355,4670535.8429901125,401530.0
2023-02-16,4679930.772740173,4854157.83119812,4525613.729243469,4528249.161175537,484500.0
2023-02-17,4538442.306771851,4817344.550645447,4506589.800247192,4738060.345542908,523850.0
2023-02-20,4658827.031774902,4808850.816485596,4575591.244244385,4761711.986099243,363020.0
2023-02-21,4796430.281387329,4873147.677099609,4665375.41989746,4721354.209268189,395970.0
2023-02-22,4721652.679727173,4726210.054495239,4556100.248004151,4670652.566326904,400240.0
2023-02-23,4715334.814993286,4794058.248559571,4608362.184983826,4666537.203746033,417460.0
2023-02-24,4674873.225091553,4711395.061837769,4486190.0888320925,4529391.320320129,367990.0
2023-02-27,4610385.753382874,4672519.804782105,4533691.785687256,4597743.675523376,297650.0
2023-02-28,4623372.630584717,4643248.37059021,4532810.100381469,4551839.645515442,275100.0
2023-03-01,4559982.705349731,4714442.444813537,4539223.789503478,4660839.888131714,328770.0
2023-03-02,4670701.026086426,4698023.269866943,4585059.719659424,4635772.806994629,249260.0
2023-03-03,4642640.816748046,4644184.037393189,4362941.967256165,4422791.229455567,344630.0
2023-03-06,4450275.612866211,4483451.97487793,4428826.063024902,4446664.310302734,215310.0
2023-03-07,4467731.235983276,4492651.535513305,4379712.738043212,4425406.599261475,304750.0
2023-03-08,4432481.26736145,4447756.872013855,4325352.353688049,4335236.568463135,316510.0
2023-03-09,4341673.680200195,4364811.088531494,4015470.218920898,4071903.8976684567,468760.0
2023-03-10,4079392.2914123535,4079512.4974517818,3925087.8054656982,4038261.7915878296,655270.0
2023-03-13,4366387.988745117,4845096.956140137,4339548.205883789,4787169.081591797,733630.0
2023-03-14,4839759.461105347,5290077.8962982185,4814298.13093872,4955770.02928772,753060.0
2023-03-15,4991589.184295654,5074305.400474548,4836544.2757873535,4907337.069648743,614310.0
2023-03-16,4918856.066162109,5092208.714141846,4891449.413589478,5064883.086410522,462580.0
2023-03-17,5074530.350317383,5630154.528186035,5053363.135125732,5559042.426525879,674960.0
2023-03-20,5646006.682452393,5746754.306066894,5484071.386047363,5597864.302276611,503900.0
2023-03-21,5669380.92857666,5816229.589343262,5593870.447302246,5750004.524780273,438780.0
2023-03-22,5763157.896697998,5895602.580062866,5466843.410079956,5588403.071487427,262030.0
2023-03-23,5598904.111248779,5901061.909379577,5574629.624917602,5814109.138545227,158460.0
2023-03-24,5824161.520231629,5838070.2604599,5560718.458274841,5650363.992556763,110360.0
2023-03-26,5641948.66330719,5781339.6984939575,5632543.6700668335,5744335.773124695,60640.0
2023-03-27,5802507.779943847,5812567.606192016,5519733.323776245,5627238.642218017,107240.0
2023-03-28,5638198.389230346,5708281.495742798,5542135.483447265,5666131.869406128,94160.0
2023-03-29,5678592.169952393,5962804.0115356445,5675863.569641113,5905107.653808594,109320.0
2023-03-30,5912860.489517212,6081818.429382324,5780714.148696899,5845953.061904907,122510.0
2023-04-02,5967932.733283997,5981921.337249756,5845369.912330627,5913865.835197449,45040.0
2023-04-03,5929940.486126709,5985402.161767579,5732701.352960206,5847368.419927978,98000.0
2023-04-04,5860139.197503663,5992276.987423706,5832042.264346314,5936483.602526856,64060.0
2023-04-05,5948611.278430176,6071113.250476074,5876609.688308716,5950533.292129517,77320.0
2023-04-06,5952479.419975281,5952479.419975281,5859727.775154114,5923576.401725769,51290.0
2023-04-09,5895556.960345459,6018252.706141663,5867705.131549072,5976875.860482788,39350.0
2023-04-10,6012727.530807495,6316033.14105835,5982246.261557007,6291750.012908936,85730.0
2023-04-11,6335947.37802124,6516272.104180908,6326713.110394287,6457489.150537109,89380.0
2023-04-12,6471757.741586303,6528142.313400269,6358153.112281799,6402476.698559571,78690.0
2023-04-13,6417147.868371583,6552758.0003265375,6411158.4387664795,6523411.942010499,65870.0
2023-04-16,6527474.790332031,6580493.072857666,6492014.370568847,6529866.106610107,34480.0
2023-04-17,6558259.771838379,6558562.685772705,6333930.366760254,6368743.8324981695,71900.0
2023-04-18,6385168.73991394,6609909.255661011,6323365.098083496,6590841.020782471,76580.0
2023-04-19,6607183.692205811,6612881.377453614,6228548.585910033,6266083.7184967045,111270.0
2023-04-20,6280239.96105957,6338740.480102539,6109947.652832031,6155305.171508789,95450.0
2023-04-23,6075627.017279052,6075889.144439697,5982724.78276062,6027046.1168396,41770.0
2023-04-24,6076042.997036744,6161354.327996826,5957765.4651351925,6057963.337068176,66740.0
2023-04-25,6076100.662696838,6267261.913421631,6007852.45186615,6250299.251312256,65310.0
2023-04-26,6269177.3524658205,6645100.2555358885,6049636.07310791,6297046.467443847,164310.0
2023-04-27,6310551.714607239,6629204.105184936,6303425.161456299,6543974.08167572,121630.0
2023-04-30,6474747.148924255,6631150.459895325,6443718.96446228,6478512.167738342,47620.0
2023-05-01,6503350.296533203,6520580.15859375,6155151.45834961,6242234.516015625,84360.0
2023-05-02,6305698.236495972,6484994.845065308,6268464.546990967,6438216.934788513,65330.0
2023-05-03,6455303.518908691,6584909.00723877,6341662.292431641,6535124.828173827,81220.0
2023-05-04,6550080.821759033,6624352.504060364,6474206.80295105,6509119.684300232,53800.0
2023-05-07,6528437.16010437,6588366.3630981445,6429460.088342285,6430636.501538086,36500.0
2023-05-08,6470055.8733032225,6516262.753994751,6209544.666645813,6298362.030418396,85720.0
2023-05-09,6311328.355110168,6344515.260864258,6241943.772770691,6303208.397413636,49750.0
2023-05-10,6315134.142156982,6469937.117730713,6144060.171807862,6308049.860723876,91450.0
2023-05-11,6319687.230990601,6320396.940362549,6127813.868206787,6177562.205795288,62850.0
2023-05-14,6159324.99609375,6251033.783203125,6120796.724609375,6192125.78125,26350.0
2023-05-15,6208826.972619629,6377491.44881897,6170010.848806762,6269599.691720582,53270.0
2023-05-16,6282569.036833191,6308315.092060852,6212772.729124451,6248225.555622864,45290.0
2023-05-17,6261905.86151886,6361455.236943054,6160503.542857361,6347048.60327301,58140.0
2023-05-18,6361235.864831543,6375906.461853027,6139784.131311035,6227575.583740234,63390.0
2023-05-21,6278479.387060547,6311103.344165038,6176926.033007812,6193666.360180665,27420.0
2023-05-22,6268111.459230042,6338173.976335145,6220356.472654724,6290934.499919129,35560.0
2023-05-23,6307789.7600219725,6447915.361172485,6296631.392788696,6394496.14624939,50890.0
2023-05-24,6416920.327639771,6416920.327639771,6150066.286013794,6206572.393591309,72650.0
2023-05-25,6206100.4272674555,6267885.391125488,6103651.952285767,6241153.552508545,50170.0
2023-05-28,6341196.648457336,6654439.526914978,6325423.525978088,6628300.535021973,55230.0
2023-05-29,6686866.725335694,6773298.272839355,6563079.977587891,6608487.51053772,54560.0
2023-05-30,6625010.63270874,6695395.205761719,6587967.377600097,6615290.062219239,45190.0
2023-05-31,6632505.253834534,6663181.030654907,6433316.2518112175,6517369.317103576,63080.0
2023-06-01,6536931.515069581,6566834.366792298,6403845.81113739,6441482.573104858,51980.0
2023-06-04,6542710.1227554325,6624714.841647339,6514964.346955871,6555132.883000183,23810.0
2023-06-05,6576212.922563171,6576988.811088562,6167707.613945007,6242847.568325806,85420.0
2023-06-06,6261221.41574707,6645373.478558349,6183398.764379882,6622269.878933716,88610.0
2023-06-07,6631924.849597168,6659153.779174805,6366649.804016113,6415725.2003479,77480.0
2023-06-08,6438154.014797973,6546329.119268799,6411146.89992218,6477088.253709411,39950.0
2023-06-11,6318732.9874832155,6403526.206617736,6274111.411669922,6339540.089410401,39200.0
2023-06-12,6397170.0835494995,6434870.305656433,6324903.100204468,6391964.097381592,40750.0
2023-06-13,6402242.662500001,6531241.912500001,6357636.600000001,6407802.975000001,56240.0
2023-06-14,6428641.665893555,6459062.983044433,6160477.879174805,6230419.636047363,60820.0
2023-06-15,6243899.287582397,6393800.576513671,6171470.602478027,6358642.226797485,68380.0
2023-06-18,6589454.507827759,6630286.01360321,6533687.070846558,6545889.304161072,27310.0
2023-06-19,6566608.265872193,6738628.437075806,6555489.280892944,6692806.252340699,46450.0
2023-06-20,6692932.420205689,7078638.831512451,6647957.023269653,7057372.748593139,100550.0
2023-06-21,7130036.060856628,7750104.903419495,7120666.266014099,7555505.347093201,143490.0
2023-06-22,7575412.604663086,7702962.662188721,7473776.677636719,7549574.24647522,79220.0
2023-06-25,7714631.601367187,7842629.3602050785,7659602.166162109,7697374.896020507,37120.0
2023-06-26,7750784.592855834,7796475.763522339,7628670.105551147,7700081.640106201,58710.0
2023-06-27,7724707.291763306,7910174.7906539915,7715595.98075409,7832435.14546051,55820.0
2023-06-28,7853498.7837677,7856441.424530029,7655855.677261353,7696566.472503662,51060.0
2023-06-29,7705343.848205566,7896406.391784668,7698683.046203613,7799722.2888793945,49570.0
2023-07-02,7795421.790559387,7841780.785812378,7703876.155073548,7803220.500041199,28820.0
2023-07-03,7897910.638961792,8093826.802276611,7888624.290206909,8035606.554666137,56490.0
2023-07-04,8073999.849609375,8119226.896789551,7945912.705102539,7974578.100048829,42120.0
2023-07-05,7986504.317175292,8014277.955297851,7847558.256549072,7920107.152392578,43230.0
2023-07-06,7944425.764599609,8191979.578637695,7776803.609069824,7788285.648614502,90810.0
2023-07-09,7829914.539770507,7865252.662033081,7773844.029757691,7798402.344424439,20050.0
2023-07-10,7920340.401028443,8144217.3741333,7868407.8746063225,7985557.992349243,55240.0
2023-07-11,8005325.034783936,8102186.35656128,7984162.941656494,8060362.269522094,39840.0
2023-07-12,8083742.815158081,8170326.156710816,7980370.752499389,8021445.04501648,54060.0
2023-07-13,8033314.156732177,8397396.528533936,7999660.594482422,8318510.252215575,99810.0
2023-07-16,8029113.927777099,8067070.375213623,7971755.162237549,8014191.106613159,20310.0
2023-07-17,8064881.335739136,8091661.580355835,7920257.345388793,8039328.074441529,42840.0
2023-07-18,8062731.22772522,8090204.709448243,7924935.799920654,7989727.204724121,42400.0
2023-07-19,8007791.09871521,8093267.023483276,7987038.78824768,8019320.16008606,34960.0
2023-07-20,8034300.56769104,8168153.196533203,7956857.836614991,8005101.730133057,50330.0
2023-07-23,8002290.533642579,8149528.445800781,7987999.242041016,8082074.62397461,23320.0
2023-07-24,8154057.490185548,8157391.108496094,7830127.359716797,7908020.197314452,55730.0
2023-07-25,7925267.231359863,7976086.4188720705,7892782.063928223,7938929.471508789,29050.0
2023-07-26,7963971.171679688,8087400.082232666,7931519.994534302,7997593.969830322,44330.0
2023-07-27,8014295.705081177,8073243.422094726,7943607.590515137,7978746.873422242,30420.0
2023-07-30,7989872.291253663,8015022.498028564,7908297.432266235,7970138.633340455,20580.0
2023-07-31,8060815.94543457,8121460.633392334,8018505.057830811,8047161.943969727,31840.0
2023-08-01,8073441.523123168,8205981.370721436,7901849.509552002,8205981.370721436,64010.00000000001
2023-08-02,8241613.373547363,8328740.062628174,8033519.001855468,8092352.401263428,67410.0
2023-08-03,8113997.346768189,8177644.937921142,8058413.452178955,8116333.038186645,36080.0
2023-08-06,8036872.501895142,8073092.190890503,8014615.3647644045,8040577.416647338,16030.000000000002
2023-08-07,8235326.6326324465,8288819.880902099,8133295.836700439,8270129.810040283,41190.0
2023-08-08,8297371.496356201,8571372.669854736,8278477.80282898,8460226.611090088,62570.0
2023-08-09,8489688.500042723,8584562.400878906,8379301.704089356,8434566.392944336,49670.0
2023-08-10,8464259.02935791,8504723.098150635,8406882.467880249,8427343.436187744,32000.0
2023-08-13,8457439.981036378,8469021.893325806,8412635.511410521,8420625.019143676,13490.0
2023-08-14,10253162.612017822,10389252.75982666,10188739.376708984,10297464.521795655,39300.0
2023-08-15,10298603.22588501,10314457.083984375,10190775.992321776,10217619.05890503,33810.0
2023-08-16,10217479.176638793,10237007.50270691,10050298.507055664,10053343.246066283,43710.0
2023-08-17,10051196.465844726,10067186.790966796,8918682.56381836,9319770.303149415,132920.0
2023-08-20,9123126.899520874,9182410.882821655,9087822.168899536,9155040.977795409,24000.0
2023-08-21,9163157.66401367,9173688.501013184,9044204.687939452,9140486.626220703,41100.0
2023-08-22,9142755.0482666,9146954.30192871,8917080.15770874,9112345.452996826,47720.0
2023-08-23,9113940.229736328,9381912.890588379,9033656.922436522,9251898.72902832,60960.0
2023-08-24,9252135.919055177,9295638.407867432,9079735.870874023,9161421.155578613,41040.0
2023-08-27,9110223.25927124,9166144.274853515,9093275.374774171,9139461.861657714,14290.0
2023-08-28,9134513.038787842,9174794.965286255,9061158.63571167,9140917.550125122,28840.0
2023-08-29,9140846.40151062,9815575.335754395,9071445.11116333,9702846.361367797,98320.0
2023-08-30,9699486.632153321,9711171.95974121,9461336.85703125,9550761.10048828,46540.0
2023-08-31,9554437.671624755,9611798.034927368,9005122.075286865,9077321.239102172,69110.0
2023-09-03,9111396.288137818,9189127.578442384,9092694.287615966,9147074.492523193,21360.0
2023-09-04,9090260.552307129,9133382.499865724,8981720.650213623,9038563.21744995,27130.0
2023-09-05,9037894.54761963,9051753.557861328,8958065.248727417,9025925.402410889,28400.0
2023-09-06,9025782.578869628,9105680.91826172,8893353.618615722,9014548.51538086,37780.0
2023-09-07,9015173.442443848,9246065.201119995,8969149.088546753,9187301.026068116,39770.0
2023-09-10,9050497.084396362,9083343.053329468,8954614.809127808,9029217.089630127,23600.0
2023-09-11,9043421.786975099,9063440.352087403,8722459.792840576,8807608.689550782,56320.0
2023-09-12,8807585.649023438,9264721.686547851,8796071.504455566,9041403.277770996,78710.0
2023-09-13,9042454.443759155,9233620.626626587,9018234.927365113,9177866.739898682,42580.0
2023-09-14,9177653.87008667,9365700.75352478,9151614.993988037,9283244.312545776,53820.0
2023-09-17,9286362.317321777,9304681.923730468,9232766.980252076,9274860.121694947,16570.0
2023-09-18,9283423.828485107,9592401.233209228,9239649.113500977,9365024.656097412,63350.0
2023-09-19,9364715.786865234,9617285.590795899,9334338.817236328,9522270.069433594,52170.0
2023-09-20,9522047.533251954,9581330.233666992,9396972.933911132,9492581.161499023,47230.0
2023-09-21,9493206.603601074,9503845.916149901,9233208.403189087,9298899.158630371,47810.0
2023-09-24,9292042.084899902,9343992.777319336,9146328.433483887,9177547.793060303,22320.0
2023-09-25,9188283.516735839,9248484.981213378,9104981.490307616,9206168.951821899,38200.0
2023-09-26,9206610.773025513,9239197.634002686,9133211.581329346,9177139.089950562,26410.0
2023-09-27,9176179.72529297,9392469.465527344,9137751.54814453,9227697.281542968,50800.0
2023-09-28,9229898.398425294,9550324.10036621,9219817.275183106,9458963.920983886,64560.0
2023-10-01,9476493.451309204,9854639.368945314,9474103.459451294,9832180.474868774,35110.0
2023-10-02,9790969.990405273,9994667.077563476,9563683.240576172,9626717.339196777,84300.0
2023-10-03,9626109.729858398,9685333.111999512,9518478.583236694,9600488.266662598,44060.0
2023-10-04,9600867.827517701,9742279.947024537,9535692.241744995,9727648.693075562,40930.0
2023-10-05,9725215.329833984,9832186.222802734,9581070.651416017,9594582.02729492,46260.0
2023-10-08,9775879.961483764,9823568.715744019,9689627.647143556,9762454.38843689,24110.0
2023-10-09,9773414.52538147,9795710.59650879,9548283.709854126,9653953.786358643,44810.0
2023-10-10,9655158.779647827,9706477.463442992,9556652.111026,9588472.49545288,34320.0
2023-10-11,9589057.555590821,9618463.359301759,9297274.967578126,9408666.95258789,55780.0
2023-10-12,9409386.193103028,9432001.0388916,9299847.721783446,9368392.409173584,32750.0
2023-10-15,9398098.940673828,9550027.78050232,9384029.511138916,9506034.56427002,21950.0
2023-10-16,9508321.48293457,10491423.084503174,9493793.577630615,9980390.887811279,119180.0
2023-10-17,9975596.87866516,10010658.766159058,9831640.186898803,9938960.355505371,53420.0
2023-10-18,9943902.192700196,10108716.703857422,9861214.878479004,9914671.071881104,45010.0
2023-10-19,9910797.656982422,10107461.29711914,9857747.46508789,10051191.700439453,50100.0
2023-10-22,10468362.344293213,10566597.184680177,10398684.55048828,10493384.756433105,29070.0
2023-10-23,10494625.557678223,12031638.340209961,10462145.07623291,11564801.420471193,133460.0
2023-10-24,11561981.247421267,12315846.236541748,11502206.79862976,11869847.656097412,159080.0
2023-10-25,11871797.71798706,12294242.883120729,11800532.629229737,12074742.209448243,75810.0
2023-10-26,12068202.299853515,12183085.585510254,11806636.426876832,11947896.691030882,56620.0
2023-10-30,12068309.177023314,12182467.4886261,11915492.233261108,12051251.842037965,45200.0
2023-10-31,12066721.671566773,12145710.823809814,11917982.6830719,12126812.2229187,43400.0
2023-11-01,12125924.80669861,12444119.085617065,11947579.2231781,12397327.867962647,71660.0
2023-11-02,12397119.22558594,12566432.689453125,12023915.674804688,12224796.055664062,63660.0
2023-11-03,12227505.882897949,12230726.282141114,11944950.853649901,12153051.652569579,54540.0
2023-11-06,12160244.501669312,12248893.383068847,12063921.745303346,12167779.482971191,29810.0
2023-11-07,12265405.513815308,12557951.506448364,12088575.847055053,12399812.861471558,53490.0
2023-11-08,12395287.691522216,12613619.308221435,12298228.09140625,12469009.601199342,46330.0
2023-11-09,12471845.936502075,13278561.786315918,12451267.700430298,12844074.029800415,115560.0
2023-11-10,12844132.270339966,13122569.665859984,12720487.308251953,13054990.152191162,59560.0
2023-11-13,12954676.87025757,13072383.752508545,12706751.507226562,12748654.877719117,44550.0
2023-11-14,12766784.931240845,12859950.406295776,12243910.326687623,12441650.722653199,63560.0
2023-11-15,12445459.731207276,13287356.521343993,12386049.43293457,13259629.381549073,75510.0
2023-11-16,13363378.192874147,13375268.857556151,12547509.233105468,12759071.326379394,66920.0
2023-11-17,12782377.450646974,12969296.27647705,12681070.840429686,12935645.232189942,51370.0
2023-11-20,13153483.674499512,13286931.85534668,12977782.771484375,13187814.011260986,51800.0
2023-11-21,13252586.690136718,13315748.671093749,12667497.975781249,12672593.39609375,71070.0
2023-11-22,12742954.103622437,13478038.962173462,12706680.424645996,13317245.823864747,64810.0
2023-11-23,13334335.736743165,13416920.594329834,13157724.614886476,13292383.91223755,32350.0
2023-11-24,13315060.490264893,13709853.194116212,13301636.53867798,13465830.031625368,65830.0
2023-11-27,13337533.704382325,13377241.675909424,13088139.153167725,13265169.042370604,45240.0
2023-11-28,13369558.00131836,13777023.983691407,13239180.373974608,13577401.190283203,57500.0
2023-11-29,13598826.852349855,13792832.319073487,13521275.000659179,13610403.902069092,49340.0
2023-11-30,13627229.459765624,13730466.046582032,13501819.324316405,13575143.218090821,33530.0
2023-12-01,13594183.813110352,14040403.545410158,13560083.8157959,13945745.413330076,62500.0
2023-12-04,14420918.00031128,15296161.638696289,14420918.00031128,15149457.844744874,104210.0
2023-12-05,15221333.795092773,16103846.062991332,15016628.649197388,15977731.453009032,96840.0
2023-12-06,16002384.42522583,16077719.748330688,15781098.259286499,15893502.19197693,72520.0
2023-12-07,15915356.83178711,16014249.724853516,15583083.98262024,15739131.150650023,63090.0
2023-12-08,15753081.079986574,16265940.609375,15687613.522094727,16075942.76626587,58440.0
2023-12-11,15958851.366119385,15964427.17909241,14678272.98664856,15035052.130477905,105190.0
2023-12-12,15092600.159616088,15390676.095297242,14886054.168838501,15177069.641143799,57040.0
2023-12-13,15203823.23602295,15911297.402801514,14896829.654302979,15715967.834869385,63110.0
2023-12-14,34307474.69193116,34712576.20882568,33271441.961816404,34419149.59666748,59150.0
2023-12-15,33787562.98439941,33831146.97112426,32745238.19917603,32926720.3493042,45280.0
2023-12-18,32780146.133807372,33856914.557128906,32134275.251586914,33802794.84021606,61580.0
2023-12-19,34239567.26182251,34892579.6347229,33583825.977825925,33918197.84920044,55290.0
2023-12-20,33941445.8236084,35563201.10720214,33907471.84951171,35068530.40634766,70190.0
2023-12-21,35090532.45548096,35557893.985815436,34809151.076684564,35255776.70421143,48960.0
2023-12-22,35278676.18191528,35703877.445251465,34919502.95663452,35361512.81918335,44500.0
2023-12-25,34609534.541015625,35262318.256347656,34418941.34326172,35089842.282714844,32670.0
2023-12-26,35034736.50379028,35046795.29804077,33601106.65133057,34177275.8406189,56030.0
2023-12-27,34106124.099896245,35038632.89467163,33786035.4822815,34853960.213531494,50100.0
2023-12-28,35079455.6098938,35350828.5635376,34161260.659332275,34380716.680755615,49840.0
2023-12-29,34404600.97695923,34830324.69604492,33497968.62701416,33993582.46130371,60980.0
2024-01-01,34272277.14859009,35824451.129333496,34210822.57155151,35821532.44229736,36300.0
2024-01-02,35823885.8036377,37204287.85014649,35810183.134277344,36440749.16750488,97840.0
2024-01-03,36429433.69127807,36874429.5215393,33142300.558233645,34721103.615032956,117650.0
2024-01-04,34723898.52414551,36270890.14904785,34559099.00761719,35794649.53930664,68050.0
2024-01-05,35843568.45336914,35964580.97644043,34598543.568115234,35838617.572143555,68070.0
2024-01-08,35571226.88597412,38212702.7229187,35018075.53216553,38022840.32176513,103090.0
2024-01-09,38218076.24833984,38967557.21090088,36895314.37576904,37542412.12072754,100090.0
2024-01-10,37550430.779296875,38806373.47080689,36159227.70974121,37971684.20231324,131480.0
2024-01-11,38000705.13566895,39870534.14582519,37204088.21733399,37771621.74360351,131040.0
2024-01-12,37794541.73759155,37921017.97768554,34133009.737139896,34930519.490924075,136920.0
2024-01-15,34082586.22687988,35389881.624102786,34059400.57192382,34705578.244378656,52080.0
2024-01-16,34765458.03554687,35622835.69695434,34420299.13151245,35280865.89437866,63930.0
2024-01-17,35294076.67408447,35337602.034582525,34535410.005102545,34991035.442346185,50440.0
2024-01-18,35008966.73748779,35127263.782714844,33305407.419750974,33804874.73665771,70350.0
2024-01-19,33829620.52181397,34543016.56553955,33019881.604016114,34119796.08300781,72640.0
2024-01-22,34048521.77781372,34133025.47649536,32318079.273706056,32390136.691186525,85100.0
2024-01-23,32492889.797058105,32989380.824572757,31664774.964434817,32767093.478369143,82670.0
2024-01-24,32788335.56685791,33317584.031347655,32474929.075927734,32948367.677490234,58640.0
2024-01-25,32967672.926275633,33132737.051257327,32524541.134844974,32844800.079876706,46300.0
2024-01-26,32873036.365722656,34743594.601464845,32781845.828710936,34411506.31911621,69470.0
2024-01-29,34692300.427087404,35744012.461523436,34521692.2984436,35739225.199084476,45230.0
2024-01-30,35735535.57840577,36160203.13511963,35240062.58763428,35440843.03176269,55130.0
2024-01-31,35462811.54385986,36118043.92670288,34941928.63636475,35160834.88046265,56480.0
2024-02-01,35186051.60103149,35750448.42592163,34616200.86831665,35600300.69080811,47690.0
2024-02-02,35623251.40604248,35933811.85531006,35220250.439660646,35715030.45255127,42650.0
2024-02-05,35544953.598120116,36338636.79973144,35287098.38043213,35641618.00151367,39260.0
2024-02-06,35398103.365625,35960110.932128906,35289664.67304688,35721512.64677734,33320.0
2024-02-07,35740978.33996582,36802298.365448,35488069.8008728,36778989.96942139,48570.0
2024-02-08,36816202.24794921,37839838.486718744,36808066.290820315,37602484.39047852,66380.0
2024-02-09,37623041.09084473,39970052.73720703,37590562.53647461,39146625.85876465,98110.0
2024-02-12,40003773.19793701,41658520.598602295,39547808.30154419,41380119.35348511,81850.0
2024-02-13,41514971.183898926,41835512.88087158,40232555.011907965,41327933.10864258,78510.0
2024-02-14,41321778.60019531,43235468.91767578,40952025.134570315,43045687.63125,80350.0
2024-02-15,43202529.79650879,44048313.72784424,42804155.72433472,43282671.61843872,74720.0
2024-02-16,43313695.013476565,43860567.8211914,43072680.41425781,43507975.47988281,52860.0
2024-02-19,43466209.91520996,43770775.949121095,43111438.85599365,43185995.820483394,36730.0
2024-02-20,43329294.00490723,44294647.69160157,42508195.30268555,43731266.71105957,68100.0
2024-02-21,43757197.496673584,43844103.21672974,42428829.332501225,43417863.31229248,59020.0
2024-02-22,43442676.14538574,43581424.060913086,42686181.62286377,42998783.357666016,50270.0
2024-02-23,43024213.417785645,43201858.083343506,42367791.64746094,42537891.235198975,43270.0
2024-02-26,43384927.51984863,46049287.3420166,42715985.64912109,45710412.71408691,78050.0
2024-02-27,45807296.00015259,48383095.271484375,45784514.70703125,47963616.84832764,100480.0
2024-02-28,47984064.0864624,53759609.794885255,47694891.4807251,52541939.110400386,173640.0
2024-02-29,52581422.16213379,53579985.26352539,50936145.724487305,51489004.39851075,119290.0
2024-03-01,51515838.963665776,53192115.05070191,51207201.999700926,52560689.64625854,74960.0
2024-03-04,53216916.8836792,57734249.72265015,52889030.31745606,57544598.109796144,130860.0
2024-03-05,57640343.915093996,58307310.43181763,50772361.74180908,53857630.65157471,207600.0
2024-03-06,53934373.27545776,57155655.749615476,53134590.26654663,55866787.67658691,117910.0
2024-03-07,55874373.95373536,57490279.93255615,55475238.66564942,56534553.86773682,77470.0
2024-03-08,56574748.469531246,59155436.54589844,55996175.398370355,57689751.94848633,112670.0
2024-03-11,58311539.603515625,61530293.095703125,57033186.8125,60961760.50976563,114720.0
2024-03-12,61156926.22540284,61850442.550598145,58397196.0834961,60623471.70373535,105090.0
2024-03-13,60528329.61882934,62359207.853302,60423724.94545898,61887258.67109986,77180.0
2024-03-14,62087563.15533447,62660456.62225341,58391627.03198242,60660682.83843994,109430.0
2024-03-15,60700210.6168213,61559860.510620125,55920268.10644532,59064750.07702637,148590.0
2024-03-18,58205031.909600824,58656444.167950444,56683047.47972412,57527913.52207642,78070.0
2024-03-19,57606791.18308106,58037601.4600586,52464765.84946289,52881854.96826172,148080.0
2024-03-20,52941663.109204106,58046424.15866089,51921256.981695555,57896678.13024902,133530.0
2024-03-21,57900737.34008789,58158159.274298094,55132918.27351684,55890337.73323975,75260.0
2024-03-22,55954384.51818848,56921219.97077637,53243691.58820801,54488498.64025879,72430.0
2024-03-25,57462986.10363769,60799129.618774414,56760775.08392334,59750344.03442383,124720.0
2024-03-26,59849244.40758057,61214461.66920166,59395513.45742187,59937438.94969483,90980.0
2024-03-27,59974014.89223632,61406210.735815436,58628353.97340088,59496958.9902832,112880.0
2024-03-28,59569383.556713864,61364714.78668213,59146947.633557126,60695336.11778565,72490.0
2024-03-29,60667319.213415526,60787596.474975586,59230678.90748291,59900048.01529541,58990.0
2024-03-31,59658027.80377197,61165580.3427124,59630687.87995606,61135155.03564453,42450.0
2024-04-01,61466287.19060669,61466287.19060669,58748921.53544311,60031600.16096191,94050.0
2024-04-02,59735544.152563475,59744376.36987305,55418647.88056641,56113906.30722656,152870.0
2024-04-03,56118150.6277832,57319685.27226563,55359602.564331055,56563538.22009277,88460.0
2024-04-04,56848518.336279295,59666797.91206055,56096982.861096196,59027118.078063965,100300.0
2024-04-07,59390729.942083746,60587642.28153077,59349439.267932124,59789930.59343261,46990.0
2024-04-08,59942312.837890625,62839953.86679688,59728412.17138672,61905964.16865235,105780.0
2024-04-09,61932795.885369875,62027821.30539551,59025225.54942627,59789060.4543457,93690.0
2024-04-10,59833970.336120605,61511884.19424438,58468691.3482666,61109690.206695564,97710.0
2024-04-11,61140331.12463378,61684721.13391113,60244875.357147224,60613256.319213875,72510.0
2024-04-14,55320042.13607788,56920276.24676514,53818399.82785034,56867647.78680419,134400.0
2024-04-15,57040744.146215826,58003193.72330323,54160688.6729126,55057064.80587158,118790.0
2024-04-16,55091641.491925046,55837274.79155274,53614361.48957519,55429752.26929322,114960.0
2024-04-17,55460157.0633667,56024474.242614746,51999237.702343754,53266691.30533447,118920.0
2024-04-18,53305031.75967407,55752427.30456543,52907846.47238159,55220933.19476318,97380.0
2024-04-21,56421283.4571228,57062887.56036378,55835195.26748657,56419632.74920654,42020.0
2024-04-22,56643411.64425659,58621566.794433594,56283525.04653931,58291249.16342163,72300.0
2024-04-23,58324618.098358154,58630512.630615234,57468287.955560304,57962868.359069824,52420.0
2024-04-24,57996803.3177124,58560573.43890381,55544717.66048584,56137479.67762451,77830.0
2024-04-25,56171057.66120605,57010210.209350586,54949638.09951171,56354545.82770996,80770.0
2024-04-28,55547108.20265503,56324583.37131958,54995557.75931397,55242315.52788696,36650.0
2024-04-29,55334362.50397339,56280716.63765258,54215202.73776855,55988761.91603393,67260.0
2024-04-30,56003266.56462403,56746849.72506103,51947940.474847406,53209084.879650876,121040.0
2024-05-01,52946926.47766113,53088752.49847412,49437059.75335693,50910042.98613281,171550.0
2024-05-02,51229709.892095946,52295054.3269043,50048443.055676274,51920326.38169556,98060.0
2024-05-05,56038154.199798584,56642844.311035156,55184133.561187744,56133483.880859375,40510.0
2024-05-06,56332674.99855957,57602685.68544922,55210436.17191162,55590999.318835445,77680.0
2024-05-07,55624685.79147949,56679618.35668945,54859399.54123535,54880182.91926269,59740.0
2024-05-08,54936828.3956543,55547434.52236328,53692955.3805664,53969205.05493164,56470.0
2024-05-09,54016391.142468266,55963220.34193116,53543451.08444824,55664665.34729004,64220.0
2024-05-12,53720416.6230957,54622224.67111816,53561887.05241699,54297481.923828125,27400.0
2024-05-13,54351996.63079834,56087126.69296875,53731833.7232666,55639796.07114258,70550.0
2024-05-14,55715777.904785156,55862554.9251709,54140093.836120605,54505265.8560791,68840.0
2024-05-15,54535039.681530766,58828885.51832886,54347349.450531006,58658821.69411011,106050.0
2024-05-16,58686526.36662598,59062558.434735104,57271819.81389771,57810388.48651123,72550.0
2024-05-19,59118312.94604492,59775143.826293945,58251048.82346192,58553005.50788575,36190.0
2024-05-20,58903475.856744386,63528868.18117676,58724130.25753784,63475455.5423645,112660.0
2024-05-21,63518050.56466675,63910645.03515625,61518353.06696167,62370412.0060852,108560.0
2024-05-22,62424860.683166504,62827492.62415771,61431007.702386476,61547685.52613525,65080.0
2024-05-23,61574960.848925784,62353658.25292969,59270828.4366211,60515035.01240234,89450.0
2024-05-26,61645888.3824707,61829881.525756836,60762667.91177368,60958672.21286622,24580.0
2024-05-27,61214696.386706546,63112126.2880188,61000803.3140625,62031403.39465942,49070.0
2024-05-28,62032986.81849976,62151283.93156128,60131298.18224487,61083840.11755371,71390.0
2024-05-29,61102516.57805175,61577457.07949219,60009456.297167964,60449719.17072754,52130.0
2024-05-30,60479228.10669556,62154514.341546625,60038452.73295898,61126127.89440307,66840.0
2024-06-02,60593250.837207034,61207313.61907959,60208556.19797364,60604607.4664917,30630.0
2024-06-03,60752859.048266605,62875609.0378418,60621515.181445315,61689300.474169925,69420.0
2024-06-04,61721565.544921875,63718492.48969726,61502963.84855957,63283441.924511716,75690.0
2024-06-05,63390276.46379394,64462641.16728515,63252086.52546387,63868999.475122064,67060.0
2024-06-06,63868848.884326175,64347301.88939209,63055793.251867674,63606396.07159424,49790.0
2024-06-09,62907337.61856079,63394999.8414917,62749593.91049194,63216017.9126587,20990.0
2024-06-10,62805847.781188965,63258788.00735474,62453901.59310912,62704853.74310303,39120.0
2024-06-11,62723185.8,62755116.6,59710415.6,60722459.6,96700.0
2024-06-12,60705725.825720206,63113272.62592774,60336554.82305908,61552636.92904054,85550.0
2024-06-13,61588126.35000001,61700005.35000001,59841099.675000004,60246029.47500001,66360.0
2024-06-16,59740263.84075928,60397358.931311026,59573464.1671692,60147745.79078979,20740.0
2024-06-17,60171734.743450925,60695992.13607178,58766104.016979985,60014610.949243166,66090.0
2024-06-18,60228155.58896484,60296539.3453125,58056812.819531254,59018261.261425786,93720.0
2024-06-19,59017391.18735352,59512464.92949218,58606007.18867187,58855355.52604981,42960.0
2024-06-20,58844293.957818605,60195459.448229976,58468130.06483764,58728565.15299683,56240.0
2024-06-23,58166645.84362793,58400087.246081546,57202014.193396,57202828.83962402,19940.0
2024-06-24,57433921.662304685,57575230.97755127,53243078.13096924,54790483.28853759,120600.0
2024-06-25,54821027.23022461,56615903.959350586,54793931.320129395,56200736.4241333,77280.0
2024-06-26,56309041.48203736,56909848.356945805,55311674.739581294,55434022.52320557,54950.0
2024-06-27,55432288.78380127,56801418.02509765,55232872.72756348,56194788.733874515,48790.0
2024-06-30,55407425.2661438,57255305.71307373,55162616.3197937,57026035.86465454,37210.0
2024-07-01,57334448.62294922,58314825.23851318,57141899.111572266,57445246.80003662,59940.0
2024-07-02,57495098.57618409,57832179.44567871,56497935.28798828,56777418.93812256,46520.0
2024-07-03,56747260.68730469,56892270.02265625,54336560.43867187,55006052.18417969,73340.0
2024-07-04,55009032.92440186,55248069.94036865,51912608.09257202,52107785.105609134,116380.0
2024-07-07,53215685.28460693,53356764.84490967,50946076.995513916,51041835.66079712,41120.0
2024-07-08,51224300.82963867,53302248.19526368,49820842.55859375,52026368.70183105,102910.0
2024-07-09,52027134.66990967,53414646.00366211,51646479.41539307,53236150.792749025,64250.0
2024-07-10,53324440.834985346,54568061.00021973,52539001.35562745,53054787.67415771,59600.0
2024-07-11,53082435.71438599,54606997.97131348,52484101.332092285,52706833.58102417,66400.0
2024-07-14,54446820.89041138,56395425.9493103,54446820.89041138,55906205.61361694,47480.0
2024-07-15,56067351.772283934,59825298.51766968,55960464.0654541,59744971.34541016,96020.0
2024-07-16,59747549.562719725,60273795.871795654,57608237.89699707,60024836.9831604,93630.0
2024-07-17,60040994.74960938,60962752.7901001,58974701.504211426,59151632.5309082,66110.0
2024-07-18,59265974.01645508,60201425.49304199,58492071.93978882,59164346.775177,51270.0
2024-07-21,62002021.95391846,63114770.79537963,60781146.90771485,62935453.041656494,47190.0
2024-07-22,63097010.63115234,63384453.14448852,61656002.52725831,62537122.605175786,54880.0
2024-07-23,62551047.834667966,62736060.79324951,60664341.61289673,61057795.09688721,69580.0
2024-07-24,61187945.86245117,62241480.079119876,60462637.711523436,60662431.52536011,52470.0
2024-07-25,60753183.79366455,61426764.04660645,59021598.294519044,61157871.03270264,77460.0
2024-07-28,63114591.56072997,63489250.4578247,62351235.67883301,63456154.039123535,26170.0
2024-07-29,63597465.910217285,65222336.00720215,62002504.82757568,62239354.40533447,85670.0
2024-07-30,62268026.46397095,62456519.42914429,60900100.76122436,61698259.400103755,54430.0
2024-07-31,61602016.61400146,62197882.33417969,60068979.394842535,60150606.110961914,51520.0
2024-08-01,60215003.86387939,61111533.83133544,58051666.43045654,60911207.55509033,84200.0
2024-08-04,56099518.29466552,56456539.258636475,53000376.698797606,53735028.431286626,72710.0
2024-08-05,54348348.2789978,54487156.79593506,46257260.584661864,50456194.85357666,333460.0
2024-08-06,50526374.860766605,53346679.59482422,50514587.730725095,52441315.749255374,113890.0
2024-08-07,52449792.07062378,53965458.07924805,51091616.0843811,51580462.11939087,94520.0
2024-08-08,51599369.09145508,58575088.330718994,51294245.15678101,57766355.42255249,109770.0
2024-08-11,57078954.08131104,57779211.06846314,54698455.0444519,55002539.88462525,41060.0
2024-08-12,55116375.2392456,56894861.85930175,54156302.256225586,55715587.701416016,79310.0
2024-08-13,55773549.888830565,57828565.691589355,54967443.909497075,56943521.8453125,62920.0
2024-08-14,56973769.38112793,57865497.73449707,54996058.05839843,55199715.124340825,64790.00000000001
2024-08-15,55384655.15796509,56442442.724816896,53088143.91856079,54275737.57584228,81470.0
2024-08-18,55801756.43903809,56487395.33162842,54817434.52086181,54827002.884118654,30820.0
2024-08-19,55128462.1954712,56215735.846832275,54587230.63378906,56095378.322833255,49190.0
2024-08-20,56124856.059582524,57881450.43666992,55314838.892089844,55686486.05573731,69770.0
2024-08-21,55705400.38146973,58350486.50024414,55536518.90158081,57733205.339263916,91310.0
2024-08-22,57810095.8449646,58038280.03479614,56541093.04940186,57067032.08511963,74390.0
2024-08-25,60275363.12814331,61006720.020996094,59933311.68988037,60381050.54040527,41610.0
2024-08-26,60995466.39118042,61215556.600494385,59666569.683001705,59671412.0473999,68890.0
2024-08-27,59611528.19365234,59961803.629003905,55204717.87495118,56403547.88608398,108530.0
2024-08-28,56364180.53398437,57097168.315625004,54928651.27995605,55975681.833984375,109470.0
2024-08-29,56090198.24955445,58107846.31990967,55880955.04082642,56419171.9046936,87190.0
2024-09-01,56217844.50924072,56296963.215661615,54556065.70317383,54635470.38082275,63950.0
2024-09-02,54600869.92089844,56608875.52988281,54483491.72246094,56339629.759765625,73180.0
2024-09-03,56383437.95557251,57018462.817510985,54765554.793804936,54806459.548425294,74770.0
2024-09-04,54802937.84506836,55773731.436718754,53126831.82366333,55263359.39334717,108440.0
2024-09-05,55291260.56185302,55623366.55552979,53168052.197338864,53586379.850488275,90360.0
2024-09-08,51749343.340026855,52830261.33920288,51253456.80102539,52418073.56863403,51990.0
2024-09-09,52550081.51464844,55508298.26711425,52288997.60014649,54639519.034375,105330.0
2024-09-10,54620632.76835937,55553515.979443364,54017126.36586914,55184977.80029297,77650.0
2024-09-11,55202055.73168945,55525675.1256958,53227776.30344238,54915404.992932126,102150.0
2024-09-12,55041597.07159424,56144243.39710693,55035933.12128906,55808630.34173584,98420.0
2024-09-15,57550508.32377929,57916940.098437496,56324880.36964112,56728339.019958496,47010.0
2024-09-16,56790426.39785156,56865441.06650391,55255171.00253907,55913398.30634765,87600.0
2024-09-17,55956550.04581909,58932441.78302002,55396245.35457763,57971301.51749878,106300.0
2024-09-18,58032033.41052246,59335939.27798796,56982468.4408679,59322095.72987461,40990702891.0
2024-09-19,59354613.05080795,61493153.979222775,59314862.03108692,60595886.591029644,42710252573.0
2024-09-22,61028122.99908066,61602448.9021225,60107766.62312698,61270617.328014374,20183348802.0
2024-09-23,61430085.95287657,62482625.30927205,60450357.19235134,61127679.353437185,31400285425.0
2024-09-24,61126730.76527953,62447565.5079782,60557786.65960193,62067981.61974907,29938335243.0
2024-09-25,62276744.2861824,62762845.604961395,60962288.33703613,61153827.16238022,25078377700.0
2024-09-26,61069414.533638954,63634746.84984684,60615516.01909995,63044952.703136206,36873129847.0
2024-09-29,63623143.13817263,63797383.38528633,63199352.41374493,63378269.84634638,14788214575.0
2024-09-30,63584454.56691742,63584840.55859566,60909660.900621414,61351303.4967041,37112957475.0
2024-10-01,61409397.45091677,62161191.18835878,58358757.72135019,58986788.944895744,50220923500.0
2024-10-02,59025879.17374992,60501967.78317261,58211483.367170334,58828397.28666115,40762722398.0
2024-10-03,58919372.444337845,59732291.09200573,58186987.244072914,59042704.469204426,36106447279.0
2024-10-06,60636017.721618176,61490188.31927776,60390055.44230747,61352852.92614555,14776233667.0
2024-10-07,61237631.394970894,62821329.62674117,60587853.487048864,60669845.39929271,34253562610.0
2024-10-08,60619399.20749235,61547527.7832613,60251053.01931,60532032.63234329,28134475157.0
2024-10-09,60562035.84071922,60929617.95614052,58790829.9567976,59051560.436574936,27670982363.0
2024-10-10,59050853.05018902,59689097.54942179,57406758.64407778,58751192.980041504,30452813570.0
2024-10-13,61666375.158442974,61744156.68401551,60537024.00123143,61333056.25821686,18177529690.0
2024-10-14,61590325.711746216,65151673.70619202,61192211.68091583,64724041.532958984,43706958056.0
2024-10-15,64695169.58715105,66488907.87808657,63479463.628818035,65665584.08394718,48863870879.0
2024-10-16,65713204.20482397,67019606.230097294,65435095.456076145,66272155.465833664,38195189534.0
2024-10-17,66314198.884358406,66603644.93213415,65363195.80179691,66101142.62656927,32790898511.0
2024-10-20,66905323.81058216,67878922.8231535,66652378.29445267,67529242.831007,18975847518.0
2024-10-21,67845559.49853516,68298572.18587875,65709815.22944069,66238798.606882095,37498611780.0
2024-10-22,66265812.12598801,66699521.07743454,65499143.63202095,66266503.82228851,31808472566.0
2024-10-23,66304299.73638153,66344032.86781454,64164112.71463895,65388730.580622196,32263980353.0
2024-10-24,65669979.24856281,67783575.78445959,65473323.55123758,67155084.21931028,31414428647.0
2024-10-28,67089955.83718872,69351479.70443726,66707167.9127655,69050705.08634949,38799856657.0
2024-10-29,69034869.86301899,72656126.10782862,68856992.06397772,71810132.29064226,58541874402.0
2024-10-30,71828558.3701272,72016171.74777317,70540824.16499805,71457313.7012515,40646637831.0
2024-10-31,71520257.73707104,71843837.00963211,68806625.71011353,69424276.66819382,40627912076.0
2024-11-01,69532253.6778388,70861284.64934635,68109071.63367176,68804984.99357414,49989795365.0
2024-11-04,68029591.90740061,68713475.79304266,66111200.73222685,67108613.22404337,41184819348.0
2024-11-05,67318593.07871342,70010513.14119291,66968847.5243783,68855736.22974777,46046889204.0
2024-11-06,68858766.58886719,75909254.85076904,68822560.59906006,75094092.6578064,118592653963.0
2024-11-07,75087992.27059984,76384542.27896738,73939725.10630894,75353821.78473377,63467654989.0
2024-11-08,75429740.38049698,76771240.54992676,75177230.374012,76068375.4842186,55176858003.0
2024-11-11,80477420.93135977,89611188.61715698,80289242.8231659,88708105.58565617,117966845037.0
2024-11-12,88573310.86577225,89822765.57760859,85028151.13179302,87824678.6723671,133673285375.0
2024-11-13,87724258.56309891,93215763.99564266,86055133.5379076,90372244.44528103,123559027869.0
2024-11-14,90415132.91085005,91603369.41368294,86529927.17084885,87096543.23323488,87616705248.0
2024-11-15,87566718.53452921,92166121.26110315,87406921.69120073,91360788.43532324,78243109518.0
2024-11-18,89694098.03063393,92442583.53335142,89244722.64370918,90391855.96011639,75535775084.0
2024-11-19,90379936.91588974,93839985.87667322,90270299.09305286,92183782.48121977,74521048295.0
2024-11-20,92504841.5980072,95069492.14487457,91781176.20751953,94505968.22498322,71730956426.0
2024-11-21,94593145.40772343,99285546.95918083,94390552.69850779,98774658.61257792,106024505582.0
2024-11-22,98893769.95994663,100057516.02886963,97614865.89102459,99397026.3432951,78473580551.0
2024-11-25,97824065.16407347,98723725.49142265,92445047.02808905,92903448.68929768,80909462490.0
2024-11-26,93691433.84104729,95608262.9233551,91359930.80732346,92582320.98604918,91656519855.0
2024-11-27,92643702.17528915,98065693.36053658,92442782.18362999,96656924.18547821,71133452438.0
2024-11-28,96723486.79526234,97424313.2052784,95435660.28662968,96418587.57715988,52260008261.0
2024-11-29,96560359.56936741,99628377.62531185,96311957.52137995,98385058.22132826,54968682476.0
2024-12-02,98378342.5729065,99264869.91067505,95553549.99105835,96951653.31600952,72680784305.0
2024-12-03,96955055.26859093,97402746.0337038,94704479.4810524,97104319.76645899,67067810961.0
2024-12-04,97112746.5376606,100369241.88150501,95769185.1307311,99925305.82843208,77199817112.0
2024-12-05,99945879.68243504,105167732.3164177,93120881.13112259,97771712.37364674,149218945580.0
2024-12-06,98261045.48635912,103287411.3089776,97694855.35256195,101142330.66938353,94534772658.0
2024-12-09,102685857.30251312,102721809.86979961,95706233.34779263,98827069.91975784,110676473908.0
2024-12-10,98975921.92172432,99817899.21506882,95806806.10922146,98198055.90387821,104823780634.0
2024-12-11,98223980.2863121,103566559.02636051,97300401.55881643,102814221.58083916,85391409936.0
2024-12-12,102883798.1217084,104263926.58646917,101024942.80964947,101739914.66241455,72073983533.0
2024-12-13,101872969.96142149,103748754.22057867,101044755.00016212,103311366.09636545,56894751583.0
2024-12-16,105981594.89462948,109525032.83243465,104995291.85019398,107745835.37526894,91020417816.0
2024-12-17,108283386.59740448,110568687.20268726,107528733.87564659,108395635.86412907,68589364868.0
2024-12-18,108303776.65091705,108633657.54114532,102073974.76356125,102073974.76356125,93865656139.0
2024-12-19,102298310.84364319,105035373.39511299,97715509.0444889,99661150.29662704,97221662392.0
2024-12-20,99627918.71092129,100255641.20109844,94201672.1664133,99905116.23590183,105634083408.0
2024-12-23,96799773.99813366,98140139.14462328,94055306.91821432,96379238.43933725,65239002919.0
2024-12-24,97121067.06572342,101962248.86089325,95852921.7526989,101215545.66804886,47114953674.0
2024-12-25,101158037.29924011,101981068.0102539,100048363.83599854,101796996.75083923,33700394629.0
2024-12-26,101824828.93098354,102426639.94271755,97559148.89818478,98233518.51392937,47054980873.0
2024-12-27,97938149.14885092,99565114.17542458,95488047.89248705,96362094.98496342,52419934565.0
2024-12-30,96323386.73026752,97740653.86974812,94047249.7823534,95412973.79067135,56188003691.0
2024-12-31,95512906.33392334,99067040.78936577,94761099.7838974,96323204.62560654,43625106843.0
2025-01-02,97322517.40935326,100748350.29423332,97101189.40025139,99869150.46707153,46009564411.0
2025-01-03,99938255.15503883,102078912.89544106,99064420.26515007,101202628.07650566,35611391163.0
2025-01-06,101509745.0520916,105813105.56318665,101108305.96832371,105395162.68442631,51823432705.0
2025-01-07,105800476.40528679,106280213.55333328,99472060.73989868,100289323.62966537,58685738547.0
2025-01-08,100339782.48910046,100685714.44287777,95786464.87483597,98392867.8772707,63875859171.0
2025-01-09,98440337.57840347,98757516.7669754,94481075.81479645,95789417.7154293,62777261693.0
2025-01-10,95894601.91441059,99291149.60163307,95641219.3581276,98182691.02692986,62058693684.0
2025-01-13,97976248.12180138,99374112.96862793,92554477.04188442,98004900.79489231,72978998252.0
2025-01-14,98253950.86669636,101199579.77673435,98049320.66376114,100348614.71922112,53769675818.0
2025-01-15,100406945.22850227,104737157.75786781,100373238.85573387,104536682.84885883,57805923627.0
2025-01-16,104599366.40224457,104886910.06193161,101330572.68075943,103820490.18745422,54103781805.0
2025-01-17,104151327.83979607,110251420.97005749,104071298.40024948,108770575.35356426,71888972663.0
2025-01-20,105539998.49151611,113925181.51961327,103856526.08244705,106514039.80625725,126279678351.0
2025-01-21,106720462.05183029,112083376.19487381,104682706.96335983,111001394.77810287,88733878242.0
2025-01-22,111044737.05402851,111210003.01000595,108140236.30745888,108446581.96075916,53878181052.0
2025-01-23,108554978.0765934,111867054.00568199,106041729.17553806,108871769.68761635,104104515428.0
2025-01-24,108851538.11712074,112131642.5624485,107601900.51255798,109745475.53138924,52388229265.0
2025-01-27,107692550.00487804,108252411.8807888,102569756.89296722,107071004.75048065,89006608428.0
2025-01-28,107173638.96094322,108890390.30184746,105224033.96736145,106372752.95714378,47180685494.0
2025-01-29,106408221.90790272,110014008.3575449,106372825.36955166,108913778.26469135,47432049818.0
2025-01-30,109023920.35122395,111872194.74983025,108616365.80717945,110102464.86480808,41915744521.0
2025-01-31,110104314.17967224,111459140.78114891,106746990.37617302,107652255.83838844,45732764360.0
2025-02-03,103979744.01889229,109124458.87038803,97126386.3630867,107944214.79720688,115400897748.0
2025-02-04,106810429.763443,107175842.38058853,101342794.42334747,103095298.62090683,73002130211.0
2025-02-05,103125795.98552227,104427225.26791477,101331299.29617119,101795540.43880749,49125911241.0
2025-02-06,101814571.83880234,104510325.55054092,100862627.11977196,101796293.86787796,45302471947.0
2025-02-07,101784214.51470566,105549504.82067108,100806815.39504623,101729166.24229813,55741290456.0
2025-02-10,102384667.62471676,104330260.71210861,101134170.18331528,103379972.84053326,40078962391.0
2025-02-11,102894192.47786713,104008019.82764435,100187577.99297333,101108818.23325348,37488783272.0
2025-02-12,101042856.29370213,103581259.96062756,99307382.05399513,103301425.61221123,49340445530.0
2025-02-13,103405650.97229004,103640517.51570511,100639005.78395462,102069480.77264786,37147280860.0
2025-02-14,102119351.9642973,104440368.86671066,101822830.93093395,103055326.98041916,32697987277.0
2025-02-17,101439067.3360815,102338957.12175179,100452445.75214577,101011258.58005428,27336550690.0
2025-02-18,101460943.79187012,102437229.46508789,98934345.27149963,101212767.2727356,37325720482.0
2025-02-19,101083820.2863617,102483764.47529602,100533008.47901917,102250997.05316925,28990872862.0
2025-02-20,102294833.3348093,104554420.05863857,102093692.08968544,104095775.67597198,31668022771.0
2025-02-21,104130983.11965561,105356421.78157806,100437915.3193798,101785431.27843857,49608706470.0
2025-02-24,101886904.3336792,102125533.20275879,96694860.01165771,96743994.59118652,44046480529.0
2025-02-25,96935253.81396961,98073792.29008293,91179930.92603493,94071899.9872303,92139104128.0
2025-02-26,94012623.36914062,94699228.90625,87111144.78027344,89460561.73339844,64597492134.0
2025-02-27,89216067.66758537,92318714.6241188,88227206.82433605,89881782.75100422,52659591954.0
2025-02-28,89955150.64094543,90306340.3836832,83098293.08245564,89601919.9173975,83610570576.0
2025-03-03,99955582.59914017,100147890.94781494,90233355.73314095,91277330.72774124,70072228536.0
2025-03-04,91548543.1154623,94577185.58032703,86724730.96463871,92780470.16830349,68095241474.0
2025-03-05,92782979.8460598,96798924.69141483,91886051.6734972,96400361.04906464,50498988027.0
2025-03-06,96388206.99023438,98709651.6484375,93441733.07226562,95685541.41503906,47749810486.0
2025-03-07,95685492.83342361,96991351.81588554,90106239.12300396,92260033.12376213,65945677657.0
2025-03-10,85650920.21877289,89220310.82939911,82275182.52352905,83456278.50390625,54061099422.0
2025-03-11,83633457.6703949,89016198.8337717,81610223.24612427,88254091.01266003,54702837196.0
2025-03-12,88288406.88752747,89888009.00285912,85920628.80917358,89210088.17964363,40353484454.0
2025-03-13,89239473.25699806,89854235.94173336,85196571.94238567,86406170.63049889,31412940153.0
2025-03-14,86447417.95902252,90922223.54936981,86160106.19158936,89542140.67333221,29588112414.0
2025-03-17,88174279.69741344,90468954.51020241,88084393.37312698,89775274.00814056,25092785558.0
2025-03-18,89760918.44134903,89760918.44134903,86669382.86283207,88311924.56610107,24095774594.0
2025-03-19,88354820.96015263,92950345.09201813,88195585.45024395,92772008.33055401,34931960257.0
2025-03-20,92846539.71780586,93456068.2336216,89398971.2850008,89954727.69613361,29028988961.0
2025-03-21,89950090.8476696,90610288.88083076,88888330.09531212,89820455.90821266,19030452299.0
2025-03-24,91788289.95502186,94654626.82158566,91223367.36631298,93311129.83068752,34582604933.0
2025-03-25,93511390.42659855,94611541.0294218,92264673.84458351,93467454.85967445,30005840049.0
2025-03-26,93637113.42773438,94527789.78515625,91925418.25195312,93038257.66113281,26704046038.0
2025-03-27,93074590.22893143,94028371.39401627,91941023.23886108,93375401.99698257,24413471941.0
2025-03-28,93429514.93432999,93755957.43564224,89542109.83791733,90394592.59581947,34198619509.0
2025-03-30,88051440.38357735,89019418.62487793,86960101.6746521,87771647.31647968,14763760943.0
2025-03-31,88354846.76016998,90001049.56599426,87236491.89211464,88583257.81865788,29004228247.0
2025-04-01,88564678.57433128,91713930.15647793,88433189.1047802,91372558.75124168,28175650319.0
2025-04-02,91384839.71169662,94910548.19200516,88341128.03058815,88493655.16209984,47584398470.0
2025-04-03,88622150.34585857,90149712.81655312,87327130.43587017,89283266.20198631,36852112080.0
2025-04-06,90065442.31280136,90281383.7884674,83155298.23883438,84359782.66370392,36294853736.0
2025-04-07,84094772.8609047,87210082.1836853,80025936.60432816,85184911.48688126,91262424987.0
2025-04-08,85216239.71171379,86943202.35380173,81967103.0366993,82046630.06429672,48314590749.0
2025-04-09,82086581.86565399,89907890.89782715,80274357.27417946,88867142.70316124,84213627038.0
2025-04-10,88873202.80042648,89018465.01309586,84449407.52447128,85708792.39373016,44718000633.0
2025-04-13,91740679.35914612,92532139.94082642,89317560.41076279,90025380.2530632,28796984817.0
2025-04-14,100110858.88812351,102611373.80310059,100106214.47797203,101125031.7261715,34090769777.0
2025-04-15,101300257.49648952,103564550.78495312,100172847.71082973,100256931.63117313,28040322885.0
2025-04-16,95226288.4103508,97222181.06071472,94573168.65379715,95635259.55797195,29617804112.0
2025-04-21,95737311.77104664,99433821.06110764,95706171.99425793,98375876.56328201,41396190190.0
2025-04-22,96537151.63230896,103481134.40573215,96054758.86011124,103066964.27693367,55899038456.0
2025-04-23,108702186.50212383,109991507.60484123,106998108.00851727,109018101.66836357,41719568821.0
2025-04-24,110017555.45631123,110397771.3675909,107674135.24435902,110312758.07680702,31483175315.0
2025-04-27,110800787.20549393,111550256.0264225,109635543.24508953,109740239.16898727,18090367764.0
2025-04-28,110442421.33211136,112613670.10728836,109388712.99837112,111883622.58605957,32363449569.0
2025-04-29,110653982.11652756,111240623.94215584,109273191.72440529,109841894.35154915,25806129921.0
2025-04-30,110605336.42622757,111734835.94414043,109072325.73727989,110512480.00920868,28344679831.0
2025-05-01,110800762.95718384,114593702.86061096,110731108.47099304,113481583.21827698,32875889623.0
2025-05-04,112529879.91142273,113048338.13352585,110530200.24790764,110697505.76806068,18198688416.0
2025-05-05,113372655.26506805,114422757.52732086,112467188.09942436,113887705.33283329,25816260327.0
2025-05-06,113223345.9199028,115781576.23399734,111611874.2397232,115677966.88866806,26551275827.0
2025-05-07,110835845.50704956,111781165.01638794,109724215.315094,111101627.72531128,76983822462.0
2025-05-08,107950697.88500977,115666213.73978424,107816780.57995605,114856226.11470795,69895404397.0
2025-05-11,118235536.87978458,118503085.1006918,116726464.69135952,117563949.02711296,46285517406.0
2025-05-12,117692944.75658226,119547521.5750618,113970710.87851715,116230068.60863113,63250475404.0
2025-05-13,115663024.58198738,118121048.6097908,114203464.32645416,117189996.34709167,52608876410.0
2025-05-14,117864276.36715889,118018424.18216705,116111563.20231438,117153797.9673624,45956071155.0
2025-05-15,117827199.0452671,118526829.0734396,115439657.00791168,118061413.6953907,50408241840.0
2025-05-18,117566342.23321915,121451784.45736313,117515810.15704536,121279555.26203346,49887082058.0
2025-05-19,121163078.79901886,121889606.81163788,116247541.53373718,120224617.13625908,61761126647.0
2025-05-20,120705922.2583847,122650960.82621956,119107004.276577,122061142.27282143,36515726122.0
2025-05-21,122542692.15647888,127055967.505373,121780664.61571121,125855246.54906845,78086364051.0
2025-05-22,124614296.49826527,127223852.53437996,124172959.96623516,126886516.54157639,70157575642.0
2025-05-25,122231841.97544765,123945128.04150677,120963176.55088806,123630014.57787514,47518041841.0
2025-05-26,124667602.55687714,126214860.64936638,124338116.63640976,125143964.40648079,45950461571.0
2025-05-27,126567402.32653809,128075247.35464478,124450029.64627075,126051876.12249756,57450176272.0
2025-05-28,126458752.8251419,126813926.9361229,123930275.37218094,125078230.22344208,49155377493.0
2025-05-29,127628863.0829668,128948392.04127312,124762220.11388302,125078770.9050417,56022752042.0
2025-06-01,123623154.49388695,125096711.09413719,122665778.36136818,124822089.86789417,37397056873.0
2025-06-02,124746041.90278625,125110303.35310364,122476326.29676437,125019643.87342072,45819706290.0
2025-06-03,125397911.33556366,126493458.34385681,124251996.90213013,124857886.31021118,46196508367.0
2025-06-04,124968297.41884232,125635993.90668869,123543999.85851288,124135783.44303131,44544857105.0
2025-06-05,124391578.3082962,125799842.2696991,119268822.8605671,120621469.13475418,57479298400.0
2025-06-08,125576921.87739372,126622693.28941345,124932282.00971603,125786349.2532444,36626232328.0
2025-06-09,125392846.95947552,131044666.29582787,124927287.5378704,130727820.68592548,55903193732.0
2025-06-10,131004887.64508057,131105179.19274902,128714912.77228546,130959214.53279114,54700101509.0
2025-06-11,130330709.11729813,130475413.17829132,127759280.09214401,128468837.88656616,50842662052.0
2025-06-12,128738491.74167824,128850760.15544319,125303172.67033386,125472991.13892937,54843867968.0
2025-06-15,124375467.83161163,125191852.57394218,123261068.4307766,124478279.4798603,36744307742.0
2025-06-16,124792572.41756058,128764656.98506165,124132916.65544128,126259932.41857052,50366626945.0
2025-06-17,124149803.81576729,125261259.34138298,120200057.90563202,121600407.58554268,55964092176.0
2025-06-18,119481714.81445312,120600869.94726562,118339687.91015625,119802981.55078125,47318089133.0
2025-06-19,122139584.97238827,122563595.74805641,121037977.55710506,121903793.96923923,37333806920.0
2025-06-22,119267328.92000198,120597086.60831165,114686429.50393867,117838050.67089272,65536997201.0
2025-06-23,118296744.83839989,124305304.61633682,116795330.15533447,123673819.27018166,65237759656.0
2025-06-24,123941616.58829308,124816618.1033001,122965696.39750385,124498233.11807537,48822986421.0
2025-06-25,126195351.9278183,128719311.40030861,125997794.9958458,127758822.13584709,51624120283.0
2025-06-26,127615284.17371464,128721155.68182945,126772971.85282612,127121973.05664062,43891990613.0
2025-06-29,127423146.65341759,128846027.03832436,127307140.98888016,128678942.5223751,35534874438.0
2025-06-30,130545098.54553223,131045378.95652771,128589285.84877014,129041791.90357971,42064804590.0
2025-07-01,130822768.2481308,131318854.74863434,128534432.61803436,129057085.30136108,44110692247.0
2025-07-02,129919602.13056278,134910426.82379532,129248878.83263302,133798908.207448,56248657737.0
2025-07-03,134043805.97575378,136132996.60163116,133749205.51539612,135032660.99584198,50494742270.0
2025-07-06,133250216.37355042,135097499.269989,132777238.23618698,134482466.10129356,36746020463.0
2025-07-07,137852690.57855988,138452032.01330566,135696885.36750412,136672138.79803848,45415696597.0
2025-07-08,135859133.72277927,136989106.550457,134857207.16765118,136677120.55779934,44282204127.0
2025-07-09,136465710.21275997,140192174.9096527,135723456.66524792,139442122.278697,57927418065.0
2025-07-10,139800495.45454025,146430281.35917664,138961102.10754395,145649741.0023117,95911605728.0
2025-07-13,147604079.7162857,150139769.4098854,147394466.9699402,149720642.11486435,49021091807.0
2025-07-14,152352293.1212883,157437474.07349396,152152005.50963974,153290988.91683197,181746419401.0
2025-07-15,151018647.41279888,151121605.0991745,145867465.37674713,148402002.27573395,98321661181.0
2025-07-16,148575346.94732666,151462061.703537,147676699.21865082,149788047.82759857,72162029070.0
2025-07-17,151259509.56766415,154139898.7499714,149692259.61944962,151961849.56712723,72363841798.0
2025-07-20,150343969.5527172,151517873.45575333,148567060.37954807,149523925.8049822,57515447231.0
2025-07-21,149447224.01832962,152460328.9156723,148527313.93238926,149616754.21572018,69820091744.0
2025-07-22,147429142.7614746,150999121.94233704,145930986.21273422,150654418.13000107,79217583118.0
2025-07-23,151005286.14714718,151151143.05603313,147725816.04862785,149441738.6225176,66608604537.0
2025-07-24,151195013.65862846,152168179.48449135,149256220.53136826,150682016.07421875,72627318560.0
2025-07-27,149766881.8353653,152142519.58676147,149658898.75213623,151676371.94341278,54683390892.0
2025-07-28,154559588.82334614,155028304.6014204,151951084.94208527,152576062.8985777,64822943193.0
2025-07-29,152318417.97508335,154042942.02236652,151089913.03756428,152297188.84150028,68463107433.0
2025-07-30,155657850.1896429,156791385.5397234,152857898.8680668,155537987.37032318,68896148592.0
2025-07-31,161606137.5965166,163096043.966177,158412770.8608513,158759733.1562519,69370346018.0
2025-08-03,152009244.1953764,155010390.02589226,151223030.0432768,154294759.53263664,48099615826.0
2025-08-04,155055725.1448002,157099462.20627213,154928780.3436699,156206807.99942684,35783028986.0
2025-08-05,154109190.98236084,154169791.55877686,150933750.0740204,152862704.50595856,61039182286.0
2025-08-06,151984590.49111557,154110975.40060806,150961074.13220215,153165791.76367188,56379133510.0
2025-08-07,152549539.05574608,156059717.2166214,151554454.82748222,155820996.05024529,64051649681.0
2025-08-10,154338714.8108673,158078676.33813858,154322082.08745956,158060190.93427658,64755458694.0
2025-08-11,157632174.46376038,161614744.25945282,156115687.26194,156871979.97879982,90528784177.0
2025-08-12,156321571.10571098,158408363.83872223,155677752.00736237,158237762.32195282,72803657984.0
2025-08-13,157868707.0885315,162484440.8508911,156253690.35183716,162039889.42016602,90904808795.0
2025-08-14,160154914.04830742,161606260.1113186,152254234.38477516,153688669.65091324,104055627395.0
2025-08-17,152292412.01770115,153722084.01908016,152015980.2750311,152240919.03610992,45852169525.0
2025-08-18,151834709.15613174,152041887.3193493,148305297.75311565,150281387.9990921,72787808090.0
2025-08-19,150125282.96712494,150800268.4855957,145590263.74337387,145720421.79276657,71657600353.0
2025-08-20,146734814.01261616,149072849.75011635,146162505.0496111,148616297.00099277,67993811526.0
2025-08-21,150214819.28232574,150907506.79729176,147205344.60795784,147774253.9340477,57817883700.0
2025-08-24,150200873.4870243,150497266.65997982,144568579.46276665,147689926.5268278,73961489632.0
2025-08-25,154186706.20128632,154432608.93722534,148570523.8368225,149657810.7970047,85706860190.0
2025-08-26,149335433.3327675,152417652.407753,147488388.12851334,151611662.49671936,69396320317.0
2025-08-27,151037397.46417427,152150230.64211845,149149431.447155,150262391.28251648,62137056409.0
2025-08-28,148365051.3702755,151341213.21451187,147940665.53817368,150133587.95248985,58860155962.0
2025-08-31,144885311.67206097,145780757.45251465,143934923.16508865,144110746.13107586,47986191770.0
2025-09-01,149002253.69979858,151290160.56342602,147683933.61720943,150409061.24103928,66870372995.0
2025-09-02,148515420.6764145,151920881.59757996,147442725.92367554,151176653.61042023,74776999491.0
2025-09-03,151359854.1794281,153278597.86442566,150532567.45259094,152084748.3544464,61119643565.0
2025-09-04,152215418.1098528,152883285.48077965,148985048.92135143,150860352.97025585,60131132901.0
2025-09-07,150447565.1844597,152317217.41889572,150434320.81918335,151739210.71110725,24618007520.0
2025-09-08,158184998.3737831,160612948.07159042,157427384.15005112,159477671.8065014,40212813407.0
2025-09-09,158700619.30395126,160325975.56819153,156858594.59579086,157926029.06381607,45984480722.0
2025-09-10,158813964.9658203,162721260.1845703,157972170.85479736,162265754.67816162,56377473784.0
2025-09-11,163278377.49783897,165515070.05389023,162551121.9329052,165493567.59221077,45685065332.0
2025-09-14,168260585.4076395,168596105.81048584,167204311.17438412,167473146.9680214,32798036057.0
2025-09-15,169174706.57984734,171151227.58418083,167798771.8965912,169241031.17385864,52937859416.0
2025-09-16,169616071.5841341,171940120.5714941,168718696.19710922,171701934.0793991,45781744593.0
2025-09-17,172192528.84257317,172911863.6345253,169177947.63817406,171644297.56620598,60528025996.0
2025-09-18,171666222.8147335,173804323.22334194,171264598.4557972,172662568.1391735,49457272032.0
2025-09-21,170969893.98253727,171222306.9441061,170264257.21722603,170343316.60390854,22495852193.0
2025-09-22,162613572.99310684,162785754.37758636,157999876.50308704,159002358.21372128,70684158591.0
2025-09-23,154193467.96832943,155006348.69615078,152522536.9758711,153177463.20941162,47211853279.0
2025-09-24,149811617.9646492,152458032.15665817,148771002.11963654,151578429.792881,48044595085.0
2025-09-25,151804675.6903324,152087203.53360558,145620562.09410667,146070484.38811684,75528654284.0
2025-09-28,146372497.41138554,149967072.96645927,145778637.03479862,149629648.50670052,33371048505.0
2025-09-29,152257470.24893188,155456533.8144741,151540545.76943588,155357144.27820396,60000147466.0
2025-09-30,157831984.07811165,158439177.96526527,155547267.7906952,157362285.13565254,58986330258.0
2025-10-01,162361110.01054,168896881.76176357,162252645.8994856,168896881.76176357,71328680132.0
2025-10-02,169021898.06515217,172489196.8381691,168638381.24463272,171912057.49818134,71415163912.0
2025-10-05,174746161.38353348,179227650.27565956,174421118.75252724,176307496.80876732,73689317763.0
2025-10-06,176586944.50416374,180429518.9189558,176137427.5797596,178362784.32484055,72568881188.0
2025-10-07,178357642.04710007,178975103.19600105,172538533.41526031,173638561.65732384,76149412513.0
2025-10-08,173634198.2407112,177521172.5295868,173163582.59328842,176359935.62389755,65354305286.0
2025-10-09,175323796.0071659,175895628.1896286,170312948.67679596,173004638.97654533,74653009425.0
2025-10-12,157125264.33052826,164205867.53549194,155571223.61452866,163305047.89730072,93710414091.0
2025-10-13,155286232.8381014,156444261.66355324,153478687.2855301,155433747.80387688,71582026739.0
2025-10-14,156472866.3615036,156795952.98845673,149365777.19374084,153559359.73696136,92212917403.0
2025-10-15,154002790.58450317,154694987.8901291,150084260.5417862,150829438.69747162,72574132855.0
2025-10-16,155703815.16495323,157402553.80936432,151142785.4657936,152054962.8565035,87306423067.0
2025-10-19,155997271.77516174,159321800.33020592,154474433.7727375,158125266.0804119,47657008953.0
2025-10-20,160555739.2320795,165052625.93725967,158808703.84332466,163394725.12489986,63507793085.0
2025-10-21,164801964.3484068,169881757.1254921,160252440.39505005,161656454.76576805,101194375480.0
2025-10-22,161489101.27822495,162417329.08295345,158938518.58862305,160293921.1992159,80807013218.0
2025-10-23,159687396.52194214,165039734.70817566,159493113.40728378,163232168.35756302,54944076060.0
2025-10-27,169504832.5789852,172160324.281662,168620050.4087124,168971022.79429245,61761358733.0
2025-10-28,163486558.048131,166279730.19589424,160854527.64955997,161806381.968318,64528066504.0
2025-10-29,166386875.26119232,167449838.59882736,161152190.3460846,162163858.2978859,62192043469.0
2025-10-30,158209555.86330414,160442210.3889084,152915968.86383057,155688694.7971344,69673964814.0
2025-10-31,155903675.21282196,159829763.19228363,155880440.8619461,157705563.2257614,60090359560.0
2025-11-03,160210034.43230057,160380902.61420155,152520683.44605827,154274375.82420635,72852006359.0
2025-11-04,157708785.0908718,158779693.88395786,146489378.23706818,150380178.39551067,110967184773.0
2025-11-05,148075988.12773895,152384289.506752,144301435.52147293,151447157.08387375,77584934804.0
2025-11-06,150724532.12559032,151092503.21291447,145564481.7058878,146963624.15786266,63932752861.0
2025-11-07,146939989.63792706,150953710.82911777,143996166.4316969,149966471.0149269,92168030081.0
2025-11-10,147505135.11399746,150098103.4629488,146979582.4936819,149297923.18883896,69585887229.0
2025-11-11,150513948.806921,152546513.0962267,145487867.57673836,146254859.15421677,71130078574.0
2025-11-12,145236243.20924377,148458997.48703384,142169955.23668098,143335340.07014465,64347179408.0
2025-11-13,143208770.34652805,146492484.8090868,138017816.08867264,140424635.78223133,101546815416.0
2025-11-14,140369046.72127914,140523540.51578712,132352001.27708817,132911049.91491508,114346441890.0
2025-11-17,132531748.07881165,134990826.89246082,128357814.72062206,129594912.35456848,94186165724.0
2025-11-18,127735216.02182388,130024526.35079384,123859837.42872906,128920191.74168396,101333569062.0
2025-11-19,130171216.22920418,130171216.22920418,123981930.85403824,128098233.71141624,80350354656.0
2025-11-20,128680069.95166588,130882980.80586052,121056355.32530594,121888014.29851723,97970645638.0
2025-11-21,123237369.74481297,124450863.08372211,114878585.95140839,121189196.38739777,129157506112.0
2025-11-24,123644460.72624302,127074022.63349247,121469857.08212566,125741017.59828949,74433896110.0
2025-11-25,125732381.0229063,125999279.34985638,122686241.39512539,124410430.84973335,64837343545.0
2025-11-26,126429025.16309738,131112375.74189758,124940043.70597458,131021491.24123764,66496301869.0
2025-11-27,131490744.940382,133495131.28653526,130868647.04466057,132605813.65473938,57040622845.0
2025-11-28,132376474.93655491,134818078.15560436,130885347.06326199,131845554.19983101,60895830289.0
2025-12-01,131086397.61950111,131099517.80910873,121620849.29013062,125187467.46556377,87962894424.0
2025-12-02,125277323.48864079,133976372.77397633,125102672.19753742,132573822.22455025,78546798211.0
2025-12-03,133043103.19865417,136998460.16514206,132622610.3393631,136222197.16625595,77650204986.0
2025-12-04,135788568.87395382,136637095.24805546,132187820.24558544,133881319.96696472,64538402681.0
2025-12-05,133225941.69440365,134048708.63440895,127468651.75007057,129255363.40395832,63256398633.0
2025-12-08,129668447.82254887,132310629.31306934,128550368.26599693,129977641.89556694,57394099056.0
2025-12-09,130022676.26164627,135705975.70936775,128512539.7507267,132966281.96965599,66861721440.0
2025-12-10,133482404.81765747,136048396.6798706,131963044.1424408,132511419.3488617,65420694513.0
2025-12-11,132288804.04050446,134507188.59440613,128441386.87452698,133007721.52863312,64532834621.0
2025-12-12,132894286.0885458,133230804.6266985,128612041.11708736,129671896.07417202,80275884583.0
2025-12-15,127032082.57496452,129643929.01988411,122901465.2740612,124508909.51221848,45559514323.0
2025-12-16,124299469.74503708,126810196.05495071,122799784.72153473,126341170.87849617,41262178223.0
2025-12-17,127401660.9649229,130906865.23178577,123730549.51223183,124930626.21889973,44243392914.0
2025-12-18,124972447.4721508,129713872.51095009,122494516.74165344,123983251.8032093,52667115348.0
2025-12-19,123950148.45998287,129551916.70832157,123415826.71702862,127759960.82311153,46733310561.0
2025-12-22,128434161.41800022,131159512.83845234,127400373.8546629,128243755.47038841,38047472118.0
2025-12-23,128462691.56373978,129055503.43285084,125729024.61729527,126900596.16577148,43683011533.0
2025-12-24,126749974.7255373,127551277.02568531,125310660.05358696,127051086.20236874,25550297986.0
2025-12-26,126454673.1994009,129678421.42963505,125574247.08469963,126550232.09931278,42455674908.0
2025-12-29,127405415.31589413,130978518.29531479,125783942.6773901,126393479.4083004,48411625849.0
2025-12-30,126955399.05413151,130107759.87575531,126374337.65482903,128843361.98414326,35586356225.0
2025-12-31,128354561.677207,129299050.03487492,126469043.58774567,127018091.94050789,33830210616.0
2026-01-02,128643779.3960495,131762842.55231953,128013927.50808048,130400385.33129787,46398906171.0
2026-01-05,134813305.3353119,139749935.19084454,134813305.3353119,138452873.49529743,53376407252.0
2026-01-06,137974586.0909462,138736427.47859955,134167377.07881927,137757191.05873108,52430605257.0
2026-01-07,137519397.46186447,137536006.92091465,132933341.26856518,133969569.76969433,43461295053.0
2026-01-08,133357273.13876152,133614628.33106518,130325627.83241272,132944660.48240662,42386697030.0
2026-01-09,133216506.71155548,134510819.506485,131166310.12215424,132465482.17821503,38305906684.0
2026-01-12,133036767.29531288,135335925.6413126,131907688.83741856,133574523.42422962,41346275358.0
2026-01-13,133804273.34069157,140886312.2924652,133447101.91534138,139874043.80939865,54980674354.0
2026-01-14,139026201.36281586,142727369.8793087,137947133.9854622,141369129.62479782,60592490863.0
2026-01-15,140886114.41981792,141204252.65221596,138229114.56263065,138880186.8341446,53086363027.0
2026-01-16,137789620.997715,138146934.3987198,135922470.62234116,137747825.34498215,33248170537.0
2026-01-19,133880359.93995857,133887730.77604485,131641166.94454956,132304944.23791885,39195241508.0
2026-01-20,132877969.75693226,133229466.22643948,126074721.82855129,126786788.75581741,53072968031.0
2026-01-21,126681851.76625729,129699357.57047653,125111443.13691616,128188458.90339375,56330422434.0
2026-01-22,127811397.62026787,129070424.32002068,126467084.75396156,127931417.1758461,35549685694.0
2026-01-23,127863193.669693,130204587.48706055,126468697.07441711,127922976.31311035,38997586037.0
2026-01-26,124179286.88459873,127301533.54619122,123982424.79349422,126618814.55905724,45329286974.0
2026-01-27,126876780.65435982,128558238.52090454,125398155.69747543,128091666.67339516,38744942267.0
2026-01-28,128560312.98528862,130486815.31101322,128008313.72606564,128676493.09933186,39807419296.0
2026-01-29,128805948.54695606,128850626.51453018,120255585.41887379,122149303.78885174,64653083162.0
2026-01-30,122114605.55374908,122171556.11521149,117072991.66580963,121487777.07803345,72083816087.0
2026-02-02,111373614.48725891,114686849.78606606,107875446.38288212,113862288.45357323,75140589684.0
2026-02-03,114261128.96466064,114878718.1206665,105844939.6607666,109818137.40124512,68249110822.0
2026-02-04,109300480.23993301,111069981.87191391,103722515.36814594,105513996.91436577,67215363944.0
2026-02-05,105709920.38909912,105920105.203228,90272726.32126808,90777359.89319801,125509410908.0
2026-02-06,90428310.08282661,103374145.28599834,86635133.51016426,101750424.78615761,114674259489.0
2026-02-09,100573380.25884819,102186487.99473953,97778109.85767746,100397919.41740036,52081598792.0
2026-02-10,99348851.82961845,99811866.71586418,96198159.47151566,97445898.27264118,40593063077.0
2026-02-11,96583023.19000435,97215970.01092625,92322541.37693882,94055996.30698013,49671946030.0
2026-02-12,94082286.95836544,95974399.47416782,91413850.29072762,93000423.07222366,44651071271.0
2026-02-13,92507545.19544983,96935639.23114872,91980004.18287277,96202165.99386978,40820775886.0
2026-02-16,96243460.35098362,98041261.23343849,94171440.14859867,96328475.44570541,33618145426.0
2026-02-17,96329572.91427612,96831591.2014389,93212277.99087524,94442142.44613647,34866936040.0
2026-02-18,94043036.57759571,95361832.31427097,91754772.47421741,92562183.77194118,33094301643.0
2026-02-19,92795479.13864136,93985010.29452515,91694383.5647831,93538532.29562569,31492987019.0
2026-02-20,93103924.85840988,94926071.21660614,92400216.44955826,94559530.1679573,47507867304.0
2026-02-23,93094536.51124287,93094536.51124287,87943756.1694107,88896185.8423686,50953457309.0
2026-02-24,88475219.100523,88990248.13608932,85650700.00009918,87741340.70002222,40849331086.0
2026-02-25,88410989.63100815,96518043.1722107,88224330.59724426,93767650.63220215,53629234355.0
2026-02-26,94967797.89807796,96209466.20018482,92967771.4492321,94267512.95974255,42988597523.0
2026-02-27,95011291.79543495,96087218.03323746,91475325.10410547,92793328.69334221,40283655942.0
2026-03-02,91830210.24598503,97851151.63916016,91228187.04784441,96079553.99969387,56698092052.0
2026-03-03,95887288.9475441,96511545.36699295,92336095.43791771,95202229.60433769,47947999049.0
2026-03-04,96631220.96375275,104783384.98855495,95424003.9326973,102885547.92910194,75073101274.0
2026-03-05,101908181.27527237,103089848.0706644,99024172.36530781,99285194.36042786,51172841727.0
2026-03-06,99706123.48021317,100461094.38430882,95365104.00653172,95898062.15921688,43776962871.0
2026-03-09,93379650.93619633,98341471.2991972,93221712.60421276,96823263.92478466,49499875378.0
2026-03-10,96840815.07266235,101609299.0190506,96840815.07266235,98998698.20448303,54003996096.0
2026-03-11,97867597.7973938,99835850.41414738,96562743.87176037,98250542.27554798,45236859848.0
2026-03-12,97976956.58216476,98766890.5819664,96609922.46166229,98372850.27398872,40871848129.0
2026-03-13,98377854.41037369,103164774.20855331,98257395.36262321,99035434.99903488,61167226505.0
2026-03-16,101789715.02388191,104731186.56923866,101094033.276927,104674175.29441166,55572438409.0
2026-03-17,104533685.94013596,106116035.99173546,102563158.97619057,103231024.00896645,49500721728.0
2026-03-18,103232171.90093708,104240417.86433125,98438956.71601677,99474559.8812046,46229011155.0
2026-03-19,99356101.66118145,99842061.72243118,95946875.09029865,97490917.94188976,44631433398.0
2026-03-20,97524554.97260284,99526708.82108688,96809425.29612923,98376958.50885582,38299078407.0
2026-03-23,94403228.0802002,99884687.53423595,93868676.39340591,98677706.52614784,51508669357.0
2026-03-24,99069053.77275848,99709790.01301193,96286148.7155037,98517478.15505219,40181522399.0
2026-03-25,98535168.5045929,100583132.7501297,98344507.37686157,99638778.33812714,35409791747.0
2026-03-26,98174497.68762589,98312546.74358368,93780310.72889328,94707223.82537842,38962070215.0
2026-03-27,94105116.20112324,94552031.83932114,89647844.22476101,90750176.28279114,46483453594.0
2026-03-29,92220831.26806545,93240462.6865139,90346386.59140158,91713595.68032265,21645889785.0
2026-03-30,92225943.01000214,95202719.4741745,91948325.81150055,93250987.76638031,37694994180.0
2026-03-31,92204931.2600069,94694372.71652699,91176149.76953888,94332213.03151703,42997691338.0
2026-04-01,94961976.09632492,96350186.42607498,94019033.39262772,94747181.65520668,36465393617.0
2026-04-02,94367884.1907177,95137557.88657951,91106712.45748329,92719267.21897316,39323384518.0
2026-04-05,93536305.76473618,96033427.6952362,92590308.27135849,95886421.90880203,22972648674.0
2026-04-06,95626528.86493778,97459835.46302605,94745110.84343147,95455902.83217049,39542143229.0
2026-04-07,95912560.79292297,101307245.15026951,94354117.70307064,100204468.33800316,44650511480.0
2026-04-08,99795005.19342327,101008686.18898773,98071405.88805771,98648247.04798698,42444631703.0
2026-04-09,98287013.37376976,101032581.18757248,97410548.25795364,99181508.97460556,38799581473.0
2026-04-12,101295410.54502296,101431270.17495346,97807592.0547781,98102698.40928268,29882740487.0
2026-04-13,95857301.23975277,101464106.26059723,95628225.2593031,100906402.98422432,52278211554.0
2026-04-14,101737555.9068346,103900426.16605282,100916322.5962429,101332141.79385567,53540826530.0
2026-04-15,100775998.12173748,102443212.60260296,99916314.121912,101622415.55695534,38090174312.0
2026-04-16,101461536.9081726,102405067.05169868,99475174.38858414,101924364.5670948,41312783855.0
2026-04-19,103184118.80262852,103891871.77030563,100566061.97855473,100639601.94366932,30931515195.0
2026-04-20,101678045.33129883,105424303.43266296,101569723.91672516,104456681.60570526,39674447916.0
2026-04-21,104304549.64637184,105691167.53876972,102902111.63457298,104964344.21199322,36453522626.0
2026-04-22,105252566.23895645,109544843.37353516,104984258.5329647,107801209.4426527,48336654537.0
2026-04-23,108917129.50698853,109575979.33479309,107260582.22723007,109007765.9692955,40354900916.0
2026-04-26,108069889.508317,109894576.94853973,107682481.87727165,109524161.16652966,21482934750.0
2026-04-27,111422550.85665703,112594209.50611305,108335067.19765091,109589059.33488464,38135631927.0
2026-04-28,108681644.29795933,108844242.28773594,106301300.15739727,107252404.01700783,32056900880.0
2026-04-29,106203433.50640869,108337611.23355103,104267005.2960434,105404230.741539,41460907886.0
2026-04-30,105543521.44795418,106703506.5715599,104903328.91714096,106275692.34985542,29497862305.0
2026-05-03,109552487.6928854,110590999.37630653,108739586.60914421,109387441.79841518,20544392639.0
2026-05-04,110113561.96512604,113200866.69371033,109661657.61910248,111918802.5194397,54325085296.0
2026-05-05,111151061.4621849,113835615.24559593,111100998.17954063,112687673.53015232,39700107376.0
2026-05-06,112311221.58006477,114894476.3632021,112061828.62598133,113000648.95693588,41751540000.0
2026-05-07,113633077.691432,113990464.63954735,110973002.84223557,111653074.84847355,36931193154.0
2026-05-10,113095793.76592827,115569767.47211266,112546930.9615717,115161436.50395107,26965971077.0
2026-05-11,114440798.58272362,114701598.8695507,112089503.30896568,113868518.28722191,32409774919.0
2026-05-12,113188724.02877331,113227060.09524155,110566593.34752941,111460452.35146427,32186688600.0
2026-05-13,112024250.33312702,113137692.77371788,109586454.6476984,110354298.73580074,34075428359.0
2026-05-14,110334801.53524303,114132947.34149265,109823654.44594288,112804214.99191284,43731663431.0
2026-05-17,108991116.13541508,109557197.37674046,107107716.85372066,108008756.3776846,20900166465.0
2026-05-18,108086514.27294159,108537386.7943821,106136150.6174488,107427366.37011337,41520471808.0
2026-05-19,107620945.45217896,108169319.95078754,106400921.17716694,107335870.6894188,26031898332.0
2026-05-20,107231530.87862968,108665184.31062603,106832215.01480198,108221170.13166904,26668360936.0
2026-05-21,107647667.04732227,108534355.33689117,106526102.06398773,107754205.1353283,27141485404.0
2026-05-24,107468618.69559479,108452441.97342873,106556445.95267105,107903800.150177,20572738918.0
2026-05-25,107851448.85044861,109005597.8256321,107643978.73470592,108270077.68277836,19808387601.0
2026-05-26,109003654.04693604,110006156.24944687,106590772.57102966,106952235.36022186,35999475458.0
2026-05-27,107084332.82501507,107351237.15716362,104699317.37432861,104993352.36468697,33802172927.0
2026-05-28,104780843.93517494,104950764.50161743,102178706.0818348,103649001.84183311,40148145327.0
2026-05-31,104253050.36682129,104818108.50805664,103632886.68843842,104007008.00857544,17445435650.0
2026-06-01,105016619.53988075,105572328.81045341,100762440.84086418,101790432.74445534,43378836121.0
2026-06-02,101755670.69253159,101775533.41329002,94345582.87791252,95167935.18549728,54990073882.0
2026-06-03,95972302.73970222,96992437.33706474,92109564.01988697,92116314.92713737,47411556213.0
2026-06-04,91995324.93876457,92921276.5539074,88138020.21881104,91681351.22639179,63800151780.0
2026-06-07,88287320.18864822,93017538.45104599,88080080.41972733,91728737.80804825,36006496194.0
2026-06-08,91481898.64898968,92844028.3162098,90238759.68431234,91259868.1795268,34133252457.0
2026-06-09,90978685.19115448,91545670.59292793,87609927.05459595,88889098.4828949,40144449754.0
2026-06-10,88350164.10156679,89991336.82585287,87124471.69386196,88072231.05449772,27493506779.0
2026-06-11,88025976.59931803,91468392.71593046,88024672.79371262,91051684.13383007,29316677897.0
2026-06-14,91790057.73126984,93684577.47088623,90669907.71949768,93628462.27052307,21572226975.0
2026-06-15,93932811.60246277,96129958.08737946,93367775.55773163,94759610.26904297,32927321950.0
2026-06-16,95239934.53839016,96158217.09020042,93840000.0989275,94250287.00553322,25063963967.0
2026-06-17,94560889.302454,95648037.35617065,92067871.21053505,92857097.20575523,31288885189.0
2026-06-18,93464757.39456367,93925086.69591522,90245994.45681953,91254827.63163185,30432454936.0
2026-06-21,93239546.47137642,93623077.33940887,91757224.52685547,91781228.86831284,15739619591.0
2026-06-22,92425757.02989864,95791875.91699219,92415149.81223679,93465338.57703066,26561496819.0
2026-06-23,94073340.60599327,94431920.94436646,91043728.91256142,92183463.34533119,29608942370.0
2026-06-24,92693409.30754471,93336472.47239399,87319085.03596449,90226193.95797443,42644106535.0
2026-06-25,90100692.22088337,91396000.35730362,85792804.46610832,88223998.6429677,40625024718.0
2026-06-28,88663230.96804142,89391518.76593065,87094225.29703999,88059703.68943548,16282230874.0
2026-06-29,88165333.90212536,89882864.00136232,87177961.66599274,89077147.42726088,30829983083.0
2026-06-30,89243054.34404755,89297614.87263489,86238260.18445587,86901890.58316803,32747419391.0
2026-07-01,87231400.17655277,91195562.47692347,86017898.08563423,89378300.0677042,37904450118.0
2026-07-02,89346523.17275476,92492916.83787537,88643056.65849447,91551019.92642069,40109297349.0
2026-07-05,94236508.80601883,95501362.75571823,93228158.02768707,94921857.31960297,18267466154.0
2026-07-06,94421192.98407555,95976116.0823927,91040823.43530083,95080867.8810482,36552222303.0
2026-07-07,95481048.98448086,95873501.99705315,93435994.44416142,94440809.83667278,31026493556.0
2026-07-08,94148221.78286791,94763099.67139006,91469451.31169796,92607267.67321348,27349235354.0
2026-07-09,92607910.14969826,94341780.18296242,91698209.43787575,93999962.5809288,26546256117.0
2026-07-12,95158270.29834366,95832121.138237,94882933.27070999,95108770.00100708,19043437787.0
2026-07-13,94551418.9191513,95417057.96423721,91602974.59033203,92300160.72909355,37650044790.0
2026-07-14,91520465.47655582,95648901.12426281,91474788.75662327,95516529.39251661,29841287318.0
2026-07-15,95881581.46608639,96690119.97969818,95118499.56854439,95516366.03842163,27029791676.0
2026-07-16,95484406.34248352,95806889.33412552,93991950.60761261,94121022.19015503,27232426674.0
2026-07-19,92762760.01989365,92921101.76890182,91977756.02683258,92607477.06932831,15000653941.0
2026-07-20,95831497.0538435,97389024.05779266,94403267.71432877,96639830.26383114,30988932408.0
2026-07-21,96391709.45851135,98876083.49194336,96221451.17321777,98277688.68310547,29554470321.0
2026-07-22,98587084.0455122,98865559.49520588,97115672.62477255,97985256.97680092,28142272410.0
2026-07-23,98423025.13803768,98694395.18781185,96205126.3760395,96851654.3521347,24364433538.0
2026-07-26,96152132.33733273,97934260.43548107,96035018.62611008,97689859.36894512,14301494281.0
2026-07-27,97818579.88023281,98294263.85748863,95156654.84640121,95399797.9368496,26183821002.0
2026-07-28,95569356.00102758,96024430.79253578,94056581.91938877,95791131.65863562,24128738898.0
2026-07-29,95517393.85556602,96664864.82384872,94522635.5012703,95572387.22057533,28611167472.0
2026-07-31,96341720.515625,97156133.52148438,94640248.7265625,94606141.14453125,26483027968.0
