date,open,high,low,close,volume
2021-08-01,96.7334976196289,96.8445053100586,96.55905151367188,96.7217025756836,0.0
2021-08-02,96.7822036743164,96.84519958496094,96.7228012084961,96.78302001953125,0.0
2021-08-03,96.8041000366211,96.87000274658203,96.74322509765625,96.79306030273438,0.0
2021-08-04,96.83403778076172,96.93659973144531,96.7314682006836,96.8323974609375,0.0
2021-08-05,96.80059814453125,96.939208984375,96.72720336914062,96.79650115966797,0.0
2021-08-08,97.25129699707031,97.30809783935547,96.80903625488281,97.26119995117188,0.0
2021-08-09,97.00080108642578,97.04039764404297,96.8973388671875,96.99749755859375,0.0
2021-08-10,97.02210235595703,97.0718765258789,96.92418670654297,97.01920318603516,0.0
2021-08-11,96.96614837646484,97.09358978271484,96.73789978027344,96.9727554321289,0.0
2021-08-12,96.98949432373047,97.12183380126953,96.88816833496094,96.99321746826172,0.0
2021-08-15,97.07820129394531,97.11849975585938,96.50144958496094,97.091796875,0.0
2021-08-16,97.02580261230469,97.27259063720703,96.9471435546875,97.02210235595703,0.0
2021-08-17,97.15039825439453,97.29759979248047,97.1260986328125,97.1498031616211,0.0
2021-08-18,97.27230072021484,97.30904388427734,97.15059661865234,97.26750183105469,0.0
2021-08-19,97.27742767333984,97.33487701416016,97.18390655517578,97.27629852294922,0.0
2021-08-22,97.05986022949219,97.44322204589844,96.85248565673828,97.07604217529297,0.0
2021-08-23,97.39710235595703,97.44657135009766,97.06863403320312,97.40129852294922,0.0
2021-08-24,97.34880065917969,97.52240753173828,97.28373718261719,97.36009979248047,0.0
2021-08-25,97.40779876708984,97.55693054199219,97.13436889648438,97.4052963256836,0.0
2021-08-26,97.43800354003906,97.60139465332031,97.36244201660156,97.43669891357422,0.0
2021-08-29,97.45425415039062,97.75550079345703,96.95228576660156,97.4563217163086,0.0
2021-08-30,97.6063003540039,97.78968811035156,97.11988067626953,97.61699676513672,0.0
2021-08-31,97.74949645996094,97.82649993896484,97.65270233154297,97.74738311767578,0.0
2021-09-01,97.70390319824219,97.84649658203125,97.4805908203125,97.7133560180664,0.0
2021-09-02,97.83000183105469,97.8885269165039,97.40885162353516,97.82833862304688,0.0
2021-09-05,97.84561157226562,97.98148345947266,97.67871856689453,97.84396362304688,0.0
2021-09-06,97.95220184326172,98.0210189819336,97.85579681396484,97.94869995117188,0.0
2021-09-07,97.88594055175781,98.04988861083984,97.86820220947266,97.88469696044922,0.0
2021-09-08,98.00869750976562,98.07119750976562,97.9791030883789,97.9884033203125,0.0
2021-09-09,97.96900939941406,98.1032485961914,97.93299865722656,97.95369720458984,0.0
2021-09-12,98.03949737548828,98.25788116455078,97.5199966430664,98.04521179199219,0.0
2021-09-13,98.17496490478516,98.24580383300781,97.66343688964844,98.1759033203125,0.0
2021-09-14,98.1178970336914,98.25370025634766,98.09590148925781,98.1190414428711,0.0
2021-09-15,98.17160034179688,98.32969665527344,98.08493041992188,98.1615982055664,0.0
2021-09-16,98.28111267089844,98.36414337158203,98.15457916259766,98.27275848388672,0.0
2021-09-19,98.2510986328125,98.8570785522461,98.22654724121094,98.25060272216797,0.0
2021-09-20,98.37960052490234,98.52837371826172,98.10436248779297,98.37249755859375,0.0
2021-09-21,98.38089752197266,98.54319763183594,98.3320083618164,98.38469696044922,0.0
2021-09-22,98.48470306396484,98.71231079101562,98.38050079345703,98.4833984375,0.0
2021-09-23,98.43900299072266,98.56549835205078,98.16412353515625,98.44779968261719,0.0
2021-09-26,98.51580047607422,98.70339965820312,98.45695495605469,98.50779724121094,0.0
2021-09-27,98.55010223388672,98.7162094116211,98.52462005615234,98.55204010009766,0.0
2021-09-28,98.56620025634766,98.73770904541016,98.52788543701172,98.5624008178711,0.0
2021-09-29,98.60600280761719,98.7735824584961,98.60179901123047,98.61750030517578,0.0
2021-09-30,98.73860168457031,98.80989837646484,98.60265350341797,98.74009704589844,0.0
2021-10-03,98.6095962524414,98.92180633544922,98.49240112304688,98.60880279541016,0.0
2021-10-04,98.90360260009766,98.91840362548828,98.70088958740234,98.8949966430664,0.0
2021-10-05,98.9030990600586,98.94640350341797,98.79907989501953,98.8864974975586,0.0
2021-10-06,98.90059661865234,98.97037506103516,98.64896392822266,98.90149688720703,0.0
2021-10-07,98.85784149169922,98.8842544555664,98.78652954101562,98.85613250732422,0.0
2021-10-10,98.7681655883789,98.88215637207031,98.64065551757812,98.76688385009766,0.0
2021-10-11,98.8548583984375,99.13739776611328,98.78815460205078,98.84330749511719,0.0
2021-10-12,98.99693298339844,99.14625549316406,98.8805923461914,98.99435424804688,0.0
2021-10-13,99.03984069824219,99.16966247558594,98.6238784790039,99.0287094116211,0.0
2021-10-14,99.06929779052734,99.21749877929688,99.03520202636719,99.05650329589844,0.0
2021-10-17,99.18699645996094,99.3572998046875,99.1167984008789,99.1780014038086,0.0
2021-10-18,99.22419738769531,99.32330322265625,98.77761840820312,99.22509765625,0.0
2021-10-19,99.29789733886719,99.38299560546875,99.24327850341797,99.30680084228516,0.0
2021-10-20,99.30770111083984,99.38572692871094,99.27999877929688,99.31990051269531,0.0
2021-10-21,99.32150268554688,99.41989135742188,99.202392578125,99.32119750976562,0.0
2021-10-24,99.29560089111328,99.5108413696289,99.02337646484375,99.30449676513672,0.0
2021-10-25,99.42250061035156,99.53250122070312,99.36763763427734,99.43450164794922,0.0
2021-10-26,99.52790069580078,99.6181640625,99.49539947509766,99.5376968383789,0.0
2021-10-27,99.65360260009766,99.72899627685547,99.49091339111328,99.63809967041016,0.0
2021-10-28,99.64360046386719,99.73049926757812,99.6052017211914,99.64869689941406,0.0
2021-11-01,99.71061706542969,100.49453735351562,99.6364974975586,99.73693084716797,0.0
2021-11-02,99.76280212402344,99.87481689453125,99.36979675292969,99.77140045166016,0.0
2021-11-03,99.81289672851562,99.91902160644531,99.79029846191406,99.8124008178711,0.0
2021-11-04,99.86630249023438,99.97582244873047,99.61460876464844,99.85324096679688,0.0
2021-11-05,99.89900970458984,100.03665161132812,99.84043884277344,99.89700317382812,0.0
2021-11-08,99.89937591552734,100.06439971923828,99.55047607421875,99.89289855957031,0.0
2021-11-09,100.00769805908203,100.1034927368164,99.97579956054688,100.01119995117188,0.0
2021-11-10,100.07630157470703,100.17170715332031,99.83876037597656,100.07046508789062,0.0
2021-11-11,100.13760375976562,100.60479736328125,100.10540008544922,100.12629699707031,0.0
2021-11-12,100.18492889404297,100.34452819824219,100.13800048828125,100.18667602539062,0.0
2021-11-15,100.25992584228516,100.31449890136719,100.01770782470703,100.26473999023438,0.0
2021-11-16,100.27950286865234,100.36458587646484,100.21360778808594,100.27239990234375,0.0
2021-11-17,100.29472351074219,100.39244842529297,100.24729919433594,100.29409790039062,0.0
2021-11-18,100.38081359863281,100.42430114746094,100.11616516113281,100.38030242919922,0.0
2021-11-19,100.36094665527344,100.47962951660156,100.1639633178711,100.35379791259766,0.0
2021-11-22,100.57579040527344,100.64749908447266,100.38269805908203,100.55839538574219,0.0
2021-11-23,100.4072036743164,100.74274444580078,100.31121063232422,100.40229797363281,0.0
2021-11-24,100.56729888916016,100.64674377441406,100.36386108398438,100.56549835205078,0.0
2021-11-25,100.58039855957031,100.68939971923828,100.54810333251953,100.58309936523438,0.0
2021-11-26,100.67179870605469,100.81340026855469,100.52391052246094,100.68820190429688,0.0
2021-11-29,100.97763061523438,101.0698013305664,100.55022430419922,100.98612976074219,0.0
2021-11-30,100.88500213623047,100.9658203125,100.82569122314453,100.8750991821289,0.0
2021-12-01,100.94020080566406,101.05947875976562,100.8484115600586,100.94925689697266,0.0
2021-12-02,100.9623031616211,101.08953857421875,100.93138122558594,100.97441864013672,0.0
2021-12-03,101.03610229492188,101.2663803100586,100.97612762451172,101.02816772460938,0.0
2021-12-06,101.04627227783203,101.36893463134766,101.02169036865234,101.021240234375,0.0
2021-12-07,101.23609924316406,101.41565704345703,101.13995361328125,101.23975372314453,0.0
2021-12-08,101.3687973022461,101.40229797363281,101.34300231933594,101.37229919433594,0.0
2021-12-09,101.38040161132812,101.54299926757812,100.78343200683594,101.37770080566406,0.0
2021-12-10,101.54560089111328,101.62550354003906,101.47470092773438,101.52950286865234,0.0
2021-12-13,101.07241821289062,101.74959564208984,101.04428100585938,101.0675048828125,0.0
2021-12-14,101.66580200195312,101.82292938232422,101.61995697021484,101.65460205078125,0.0
2021-12-15,101.7322998046875,102.05182647705078,101.65721893310547,101.72769927978516,0.0
2021-12-16,101.8165054321289,101.91500091552734,101.49151611328125,101.82098388671875,0.0
2021-12-17,101.85438537597656,101.9880599975586,101.52545928955078,101.86060333251953,0.0
2021-12-20,102.49069213867188,102.53858184814453,101.88790130615234,102.47428131103516,0.0
2021-12-21,102.12539672851562,102.22010040283203,101.73075866699219,102.12770080566406,0.0
2021-12-22,102.16729736328125,102.29051971435547,102.15740203857422,102.1781997680664,0.0
2021-12-23,102.24949645996094,102.37007904052734,101.73385620117188,102.24980163574219,0.0
2021-12-24,102.26959991455078,102.28810119628906,102.22789764404297,102.26969909667969,0.0
2021-12-27,102.2158432006836,102.59508514404297,102.2059555053711,102.2149429321289,0.0
2021-12-28,102.54061126708984,102.6446304321289,102.14415740966797,102.55011749267578,0.0
2021-12-29,102.61376953125,102.77002716064453,102.55240631103516,102.610595703125,0.0
2021-12-30,102.63057708740234,102.77690887451172,102.61239624023438,102.62516021728516,0.0
2021-12-31,102.683349609375,102.7185287475586,102.62332153320312,102.68229675292969,0.0
2022-01-03,102.65666961669922,103.05695343017578,102.27018737792969,102.65982818603516,0.0
2022-01-04,102.94964599609375,103.0982894897461,102.8507080078125,102.9529037475586,0.0
2022-01-05,103.09950256347656,103.17694854736328,102.78829193115234,103.10870361328125,0.0
2022-01-06,103.09300231933594,103.2601318359375,103.06759643554688,103.09500122070312,0.0
2022-01-07,103.22640228271484,103.30467224121094,103.09549713134766,103.23370361328125,0.0
2022-01-10,102.71534729003906,103.5343017578125,102.65882873535156,102.70946502685547,0.0
2022-01-11,103.45919799804688,103.591552734375,103.11286926269531,103.4541015625,0.0
2022-01-12,103.50910186767578,103.67196655273438,103.08627319335938,103.51820373535156,0.0
2022-01-13,103.66539764404297,103.77369689941406,103.63739776611328,103.65550231933594,0.0
2022-01-14,103.76229858398438,103.87680053710938,103.55096435546875,103.75869750976562,0.0
2022-01-17,103.88841247558594,104.13251495361328,103.76532745361328,103.90480041503906,0.0
2022-01-18,104.06111907958984,104.20899963378906,103.72579956054688,104.04198455810547,0.0
2022-01-19,104.10767364501953,104.3102798461914,104.0603256225586,104.12237548828125,0.0
2022-01-20,104.20429992675781,104.32575225830078,103.84737396240234,104.20108032226562,0.0
2022-01-21,104.27984619140625,104.3794174194336,104.22602844238281,104.2618408203125,0.0
2022-01-24,104.35437774658203,104.56611633300781,104.11985778808594,104.35023498535156,0.0
2022-01-25,104.4843521118164,104.63673400878906,104.1517105102539,104.48527526855469,0.0
2022-01-26,104.61105346679688,104.70793914794922,104.09407806396484,104.61475372314453,0.0
2022-01-27,104.6944580078125,104.80584716796875,104.58319854736328,104.7000503540039,0.0
2022-01-28,104.74375915527344,104.86139678955078,104.62940979003906,104.7559585571289,0.0
2022-01-31,104.52291107177734,105.0361328125,104.36847686767578,104.52197265625,0.0
2022-02-01,105.15780639648438,105.22528076171875,104.95716857910156,105.15125274658203,0.0
2022-02-02,105.10868835449219,105.23820495605469,104.8887710571289,105.10496520996094,0.0
2022-02-03,105.15927124023438,105.37964630126953,104.97183990478516,105.15834045410156,0.0
2022-02-04,105.26737976074219,105.43492889404297,105.22042083740234,105.28123474121094,0.0
2022-02-07,105.31632995605469,105.77423095703125,105.29289245605469,105.3167953491211,0.0
2022-02-08,105.63613891601562,105.81446838378906,105.39398193359375,105.62967681884766,0.0
2022-02-09,105.81022644042969,105.93724060058594,105.58116149902344,105.79676818847656,0.0
2022-02-10,105.881103515625,106.02428436279297,105.85712432861328,105.88017272949219,0.0
2022-02-11,105.99710845947266,106.1300048828125,105.94482421875,106.02497100830078,0.0
2022-02-14,106.22308349609375,106.46569061279297,106.05250549316406,106.20626068115234,0.0
2022-02-15,106.32327270507812,106.4901351928711,106.07959747314453,106.30634307861328,0.0
2022-02-16,106.52811431884766,106.60184478759766,106.0216064453125,106.49856567382812,0.0
2022-02-17,106.52103424072266,106.72876739501953,106.42967987060547,106.52103424072266,0.0
2022-02-18,106.6572494506836,106.79802703857422,106.43165588378906,106.65731048583984,0.0
2022-02-21,106.83767700195312,107.09440612792969,106.45670318603516,106.8414535522461,0.0
2022-02-22,107.07414245605469,107.18516540527344,106.96426391601562,107.07037353515625,0.0
2022-02-23,107.19010162353516,107.33575439453125,107.0802993774414,107.19104766845703,0.0
2022-02-24,107.28343200683594,107.5912094116211,107.22464752197266,107.27156829833984,0.0
2022-02-25,107.37773132324219,107.46125793457031,106.93534851074219,107.37628936767578,0.0
2022-02-28,107.34188842773438,107.70600891113281,107.22489166259766,107.3457260131836,0.0
2022-03-01,107.3945541381836,107.41988372802734,107.35298919677734,107.37205505371094,0.0
2022-03-02,107.39769744873047,108.02388763427734,107.28910064697266,107.39142608642578,0.0
2022-03-03,107.89552307128906,108.07254791259766,107.752197265625,107.8770523071289,0.0
2022-03-04,108.04182434082031,108.1880874633789,107.88142395019531,108.04328155517578,0.0
2022-03-07,108.98487854003906,109.45448303222656,108.0509262084961,108.99640655517578,0.0
2022-03-08,108.43487548828125,108.59370422363281,107.84697723388672,108.43986511230469,0.0
2022-03-09,108.54938507080078,108.71334075927734,108.47758483886719,108.54842376708984,0.0
2022-03-10,108.6870346069336,108.83163452148438,108.58760070800781,108.67623901367188,0.0
2022-03-11,108.76547241210938,108.91925048828125,108.50825500488281,108.7699203491211,0.0
2022-03-14,108.63026428222656,109.25691223144531,108.57861328125,108.62728118896484,0.0
2022-03-15,109.19337463378906,109.32683563232422,109.16106414794922,109.20036315917969,0.0
2022-03-16,109.27037048339844,109.57505798339844,109.19789123535156,109.26742553710938,0.0
2022-03-17,109.41239166259766,109.5402603149414,108.92682647705078,109.4113998413086,0.0
2022-03-18,109.51144409179688,109.66683197021484,109.40469360351562,109.51045227050781,0.0
2022-03-21,109.82394409179688,110.04792785644531,109.15127563476562,109.81250762939453,0.0
2022-03-22,109.96736907958984,110.14378356933594,109.56208038330078,109.95988464355469,0.0
2022-03-23,110.0818862915039,110.19796752929688,109.63412475585938,110.06841278076172,0.0
2022-03-24,110.21748352050781,110.21898651123047,109.71846008300781,110.20796966552734,0.0
2022-03-25,110.62505340576172,110.64006805419922,110.12046813964844,110.62555694580078,0.0
2022-03-27,110.90870666503906,111.29428100585938,110.31178283691406,110.90870666503906,0.0
2022-03-28,110.69051361083984,110.826904296875,110.63605499267578,110.69051361083984,0.0
2022-03-29,110.8044662475586,110.96688842773438,110.73560333251953,110.8044662475586,0.0
2022-03-30,110.88589477539062,111.01094055175781,110.84626007080078,110.88589477539062,0.0
2022-03-31,110.99588775634766,111.15403747558594,110.93588256835938,110.99588775634766,0.0
2022-04-03,111.17182159423828,111.60554504394531,111.02957153320312,111.17182159423828,0.0
2022-04-04,111.56476593017578,111.733154296875,111.30268096923828,111.56476593017578,0.0
2022-04-05,111.70663452148438,112.26905059814453,111.65555572509766,111.70663452148438,0.0
2022-04-06,111.83191680908203,112.01061248779297,111.76549530029297,111.83191680908203,0.0
2022-04-07,111.97073364257812,112.13931274414062,111.88981628417969,111.97073364257812,0.0
2022-04-10,112.08336639404297,112.62154388427734,111.81970977783203,112.06483459472656,0.0
2022-04-11,112.53124237060547,112.75682830810547,112.48262786865234,112.53124237060547,0.0
2022-04-12,112.72331237792969,113.01290130615234,112.68173217773438,112.72331237792969,0.0
2022-04-13,112.94600677490234,112.9765625,112.03678131103516,112.94600677490234,0.0
2022-04-14,112.93353271484375,114.00464630126953,112.94501495361328,112.93353271484375,0.0
2022-04-17,113.8333511352539,114.16693115234375,113.83019256591797,113.8333511352539,0.0
2022-04-18,114.17593383789062,114.38810729980469,113.65421295166016,114.17593383789062,0.0
2022-04-19,113.78609466552734,113.95709991455078,113.57305145263672,113.78609466552734,0.0
2022-04-20,113.95790100097656,114.13306427001953,113.91230010986328,113.95790100097656,0.0
2022-04-21,114.08329772949219,114.5210952758789,114.00979614257812,114.08329772949219,0.0
2022-04-24,114.15959930419922,114.72376251220703,114.08484649658203,114.15959930419922,0.0
2022-04-25,114.68119812011719,114.8675308227539,114.04820251464844,114.68119812011719,0.0
2022-04-26,114.83911895751953,115.02540588378906,114.77396392822266,114.83911895751953,0.0
2022-04-27,115.03309631347656,115.20252227783203,114.94235229492188,115.03309631347656,0.0
2022-04-28,115.16922760009766,115.34089660644531,114.7500228881836,115.16922760009766,0.0
2022-05-01,115.38519287109375,115.8233642578125,115.2102279663086,115.38519287109375,0.0
2022-05-02,115.73059844970703,115.99114990234375,115.0787124633789,115.73059844970703,0.0
2022-05-03,115.87259674072266,116.03833770751953,115.4231185913086,115.87259674072266,0.0
2022-05-04,116.00800323486328,116.20431518554688,115.92384338378906,116.00800323486328,0.0
2022-05-05,116.14581298828125,116.32332611083984,115.89154052734375,116.14581298828125,0.0
2022-05-08,116.48136901855469,117.02823638916016,116.21808624267578,116.48136901855469,0.0
2022-05-09,116.75457763671875,116.94570922851562,116.03221893310547,116.75457763671875,0.0
2022-05-10,116.93567657470703,117.12236785888672,116.767822265625,116.93567657470703,0.0
2022-05-11,117.0823745727539,117.29701232910156,116.9758071899414,117.0823745727539,0.0
2022-05-12,117.25126647949219,117.6769027709961,117.18601989746094,117.25126647949219,0.0
2022-05-15,117.54998016357422,117.91629791259766,116.65753173828125,117.54998016357422,0.0
2022-05-16,117.81804656982422,118.05538940429688,117.75790405273438,117.81804656982422,0.0
2022-05-17,118.08191680908203,118.09654998779297,117.93000030517578,118.08191680908203,0.0
2022-05-18,118.01192474365234,118.39038848876953,117.960205078125,118.01192474365234,0.0
2022-05-19,118.3458023071289,118.5165786743164,118.26838684082031,118.3458023071289,0.0
2022-05-22,118.39727020263672,118.97086334228516,118.02975463867188,118.39727020263672,0.0
2022-05-23,118.89632415771484,119.12857055664062,118.48390197753906,118.89632415771484,0.0
2022-05-24,119.0652847290039,119.12318420410156,118.65242767333984,119.0652847290039,0.0
2022-05-25,119.05020141601562,119.4642562866211,118.54541015625,119.05020141601562,0.0
2022-05-26,119.38916778564453,119.59149932861328,119.2444076538086,119.38916778564453,0.0
2022-05-29,119.51185607910156,120.0375747680664,118.6471176147461,119.51185607910156,0.0
2022-05-30,119.99861145019531,120.19779968261719,119.81321716308594,119.99861145019531,0.0
2022-05-31,120.18238067626953,120.3555679321289,119.5701904296875,120.18238067626953,0.0
2022-06-01,120.28751373291016,120.80624389648438,120.23822021484375,120.28751373291016,0.0
2022-06-02,120.43277740478516,120.64887237548828,119.46337890625,120.43277740478516,0.0
2022-06-05,120.6151351928711,121.14434814453125,120.4420394897461,120.6151351928711,0.0
2022-06-06,121.05191802978516,121.3137435913086,120.98973083496094,121.05191802978516,0.0
2022-06-07,121.28141784667969,121.47850799560547,120.76060485839844,121.28141784667969,0.0
2022-06-08,121.45252990722656,121.65636444091797,121.28738403320312,121.45252990722656,0.0
2022-06-09,121.57881927490234,122.43962097167969,121.53852844238281,121.57881927490234,0.0
2022-06-12,122.68778228759766,122.86111450195312,121.57050323486328,122.68778228759766,0.0
2022-06-13,122.30391693115234,122.50772094726562,122.1881103515625,122.30391693115234,0.0
2022-06-14,122.51387023925781,122.72402954101562,122.2356185913086,122.51387023925781,0.0
2022-06-15,122.6730728149414,122.95245361328125,122.63762664794922,122.6730728149414,0.0
2022-06-16,122.91719055175781,122.95745849609375,122.80888366699219,122.91719055175781,0.0
2022-06-19,123.15271759033203,123.2390365600586,122.70426940917969,123.15271759033203,0.0
2022-06-20,122.86739349365234,123.78678894042969,122.78182983398438,122.86739349365234,0.0
2022-06-21,123.67601776123047,123.90750885009766,123.23612213134766,123.67601776123047,0.0
2022-06-22,123.86453247070312,124.06405639648438,123.77912139892578,123.86453247070312,0.0
2022-06-23,124.08692169189453,124.26815032958984,123.63262939453125,124.08692169189453,0.0
2022-06-26,124.11992645263672,124.74369049072266,123.6316146850586,124.11992645263672,0.0
2022-06-27,124.654296875,124.92724609375,124.27476501464844,124.654296875,0.0
2022-06-28,124.85591125488281,125.08248138427734,124.80532836914062,124.85591125488281,0.0
2022-06-29,125.03469848632812,125.76841735839844,124.9508056640625,125.03469848632812,0.0
2022-06-30,125.2115249633789,125.4810791015625,125.09857177734375,125.2115249633789,0.0
2022-07-03,125.4054183959961,126.07428741455078,125.271728515625,125.4054183959961,0.0
2022-07-04,125.96432495117188,126.211669921875,125.59576416015625,125.96432495117188,0.0
2022-07-05,126.18316650390625,126.42473602294922,126.1114273071289,126.18316650390625,0.0
2022-07-06,126.36627197265625,126.61172485351562,126.20869445800781,126.36627197265625,0.0
2022-07-07,126.51055145263672,126.80308532714844,125.93418884277344,126.51055145263672,0.0
2022-07-10,126.0865707397461,127.41548156738281,126.07416534423828,126.0865707397461,0.0
2022-07-11,127.34417724609375,127.60935974121094,127.30604553222656,127.34417724609375,0.0
2022-07-12,127.59962463378906,127.83663177490234,127.14510345458984,127.59962463378906,0.0
2022-07-13,127.82814025878906,128.2868194580078,127.74205780029297,127.82814025878906,0.0
2022-07-14,128.00942993164062,128.31663513183594,127.95407104492188,128.00942993164062,0.0
2022-07-17,127.45982360839844,128.90957641601562,127.22542572021484,127.45982360839844,0.0
2022-07-18,128.82928466796875,129.1526641845703,128.4896240234375,128.82928466796875,0.0
2022-07-19,129.1501007080078,129.4151611328125,129.01229858398438,129.1501007080078,0.0
2022-07-20,129.38999938964844,129.6630401611328,129.14242553710938,129.38999938964844,0.0
2022-07-21,129.5963592529297,129.81211853027344,129.07650756835938,129.5963592529297,0.0
2022-07-24,129.16143798828125,130.4387969970703,129.00462341308594,129.16143798828125,0.0
2022-07-25,130.3944091796875,130.6431121826172,129.72955322265625,130.3944091796875,0.0
2022-07-26,130.6201171875,130.90928649902344,130.39675903320312,130.6201171875,0.0
2022-07-27,130.90704345703125,131.1534881591797,130.10174560546875,130.90704345703125,0.0
2022-07-28,131.12123107910156,131.32240295410156,129.99288940429688,131.12123107910156,0.0
2022-07-31,131.43917846679688,131.9604949951172,131.05133056640625,131.43917846679688,0.0
2022-08-01,131.8950653076172,132.20895385742188,131.7188720703125,131.8950653076172,0.0
2022-08-02,132.14227294921875,132.43797302246094,132.09170532226562,132.14227294921875,0.0
2022-08-03,132.4040985107422,132.6866455078125,132.33067321777344,132.4040985107422,0.0
2022-08-04,132.6417694091797,132.91546630859375,131.81402587890625,132.6417694091797,0.0
2022-08-07,133.40074157714844,133.5882568359375,132.63999938964844,133.40074157714844,0.0
2022-08-08,133.56149291992188,133.8300323486328,132.76194763183594,133.56149291992188,0.0
2022-08-09,133.8394012451172,134.0918731689453,133.7357940673828,133.8394012451172,0.0
2022-08-10,134.00198364257812,134.29249572753906,133.9057159423828,134.00198364257812,0.0
2022-08-11,134.25372314453125,134.5166015625,134.22314453125,134.25372314453125,0.0
2022-08-14,134.60879516601562,134.85379028320312,134.44058227539062,134.60879516601562,0.0
2022-08-15,134.529296875,135.4828643798828,134.45533752441406,134.529296875,0.0
2022-08-16,135.2819061279297,135.59620666503906,135.24229431152344,135.2819061279297,0.0
2022-08-17,135.52340698242188,136.1852569580078,135.44764709472656,135.52340698242188,0.0
2022-08-18,135.79750061035156,136.0749053955078,135.68621826171875,135.79750061035156,0.0
2022-08-21,136.14219665527344,136.84031677246094,135.90989685058594,136.14219665527344,0.0
2022-08-22,136.6385955810547,137.04391479492188,136.57080078125,136.6385955810547,0.0
2022-08-23,136.9405059814453,137.23660278320312,136.1534881591797,136.9405059814453,0.0
2022-08-24,137.13360595703125,137.4273223876953,136.885498046875,137.13360595703125,0.0
2022-08-25,137.38780212402344,137.68617248535156,137.26580810546875,137.38780212402344,0.0
2022-08-28,137.95849609375,138.69210815429688,137.59730529785156,137.95849609375,0.0
2022-08-29,138.29539489746094,138.59645080566406,138.2596435546875,138.29539489746094,0.0
2022-08-30,138.59364318847656,138.92710876464844,138.27972412109375,138.59364318847656,0.0
2022-08-31,138.72210693359375,139.03822326660156,138.6277618408203,138.72210693359375,0.0
2022-09-01,139.1533966064453,139.50979614257812,138.65550231933594,139.1533966064453,0.0
2022-09-04,139.35650634765625,140.6386260986328,139.1033172607422,139.35650634765625,0.0
2022-09-05,140.16209411621094,140.64886474609375,140.10580444335938,140.16209411621094,0.0
2022-09-06,140.5733642578125,140.84823608398438,140.149169921875,140.5733642578125,0.0
2022-09-07,140.74964904785156,141.26617431640625,140.6983642578125,140.74964904785156,0.0
2022-09-08,141.11988830566406,141.53744506835938,141.00289916992188,141.11988830566406,0.0
2022-09-11,141.09963989257812,142.30421447753906,140.75022888183594,141.09963989257812,0.0
2022-09-12,142.26629638671875,142.67025756835938,141.32546997070312,142.26629638671875,0.0
2022-09-13,142.59478759765625,142.92698669433594,142.2491455078125,142.59478759765625,0.0
2022-09-14,142.87338256835938,143.20697021484375,142.7268524169922,142.87338256835938,0.0
2022-09-15,143.18695068359375,143.5178680419922,142.420166015625,143.18695068359375,0.0
2022-09-18,140.55445861816406,144.4199676513672,140.47177124023438,140.55445861816406,0.0
2022-09-19,144.35765075683594,144.68775939941406,144.26512145996094,144.35765075683594,0.0
2022-09-20,144.6225128173828,144.92604064941406,144.3430938720703,144.6225128173828,0.0
2022-09-21,144.8683319091797,145.19932556152344,144.7847900390625,144.8683319091797,0.0
2022-09-22,145.1600799560547,145.47979736328125,145.07864379882812,145.1600799560547,0.0
2022-09-25,146.04861450195312,147.839599609375,144.54409790039062,146.04861450195312,0.0
2022-09-26,145.65634155273438,146.59353637695312,145.4009552001953,145.65634155273438,0.0
2022-09-27,146.5511016845703,147.02764892578125,146.24737548828125,146.5511016845703,0.0
2022-09-28,146.876220703125,147.17262268066406,146.71469116210938,146.876220703125,0.0
2022-09-29,147.05589294433594,147.34584045410156,146.9803924560547,147.05589294433594,0.0
2022-10-02,147.36439514160156,148.28829956054688,146.00784301757812,147.36439514160156,0.0
2022-10-03,148.25306701660156,148.5913543701172,148.14553833007812,148.25306701660156,0.0
2022-10-04,148.57904052734375,148.99317932128906,148.48094177246094,148.57904052734375,0.0
2022-10-05,148.88397216796875,149.23544311523438,148.6232147216797,148.88397216796875,0.0
2022-10-06,149.18162536621094,150.20774841308594,149.0330352783203,149.18162536621094,0.0
2022-10-09,150.06414794921875,150.20225524902344,149.0586700439453,150.06414794921875,0.0
2022-10-10,149.18417358398438,150.87831115722656,148.69174194335938,149.18417358398438,0.0
2022-10-11,150.6748504638672,151.0992431640625,150.60948181152344,150.6748504638672,0.0
2022-10-12,151.00975036621094,152.09376525878906,150.64678955078125,151.00975036621094,0.0
2022-10-13,151.2895050048828,151.66476440429688,150.22763061523438,151.2895050048828,0.0
2022-10-16,151.38929748535156,152.63357543945312,150.99874877929688,151.38929748535156,0.0
2022-10-17,152.48883056640625,152.86770629882812,152.34054565429688,152.48883056640625,0.0
2022-10-18,152.82029724121094,153.2172393798828,152.78164672851562,152.82029724121094,0.0
2022-10-19,153.1674041748047,153.53311157226562,153.0377655029297,153.1674041748047,0.0
2022-10-20,153.4908905029297,153.866943359375,153.44569396972656,153.4908905029297,0.0
2022-10-23,153.8220977783203,154.77467346191406,151.86212158203125,153.8220977783203,0.0
2022-10-24,154.6703643798828,155.12481689453125,154.60079956054688,154.6703643798828,0.0
2022-10-25,155.08367919921875,155.4427947998047,154.90940856933594,155.08367919921875,0.0
2022-10-26,155.382080078125,155.7613525390625,154.14015197753906,155.382080078125,0.0
2022-10-27,155.7022247314453,156.39598083496094,155.5897216796875,155.7022247314453,0.0
2022-10-31,156.16929626464844,156.9226531982422,155.3179168701172,156.16929626464844,0.0
2022-11-01,156.9095001220703,157.27732849121094,156.50735473632812,156.9095001220703,0.0
2022-11-02,157.2847900390625,157.61837768554688,157.1279296875,157.2847900390625,0.0
2022-11-03,157.59201049804688,158.27552795410156,157.4949493408203,157.59201049804688,0.0
2022-11-04,157.8608856201172,158.3179931640625,157.11363220214844,157.8608856201172,0.0
2022-11-07,158.83123779296875,159.37094116210938,158.20802307128906,158.83123779296875,0.0
2022-11-08,159.34840393066406,159.73956298828125,159.3207244873047,159.34840393066406,0.0
2022-11-09,159.71710205078125,160.10484313964844,159.6095733642578,159.71710205078125,0.0
2022-11-10,160.01950073242188,160.4131317138672,159.8762664794922,160.01950073242188,0.0
2022-11-11,160.32899475097656,160.7576141357422,160.20712280273438,160.32899475097656,0.0
2022-11-14,159.6626739501953,161.7868194580078,159.38259887695312,159.6626739501953,0.0
2022-11-15,161.76370239257812,162.16070556640625,161.72579956054688,161.76370239257812,0.0
2022-11-16,162.10960388183594,162.4897003173828,161.99903869628906,162.10960388183594,0.0
2022-11-17,162.4593963623047,162.86927795410156,162.4158935546875,162.4593963623047,0.0
2022-11-18,162.78109741210938,163.16429138183594,162.67710876464844,162.78109741210938,0.0
2022-11-21,163.07662963867188,164.12725830078125,162.9888153076172,163.07662963867188,0.0
2022-11-22,163.13082885742188,164.61883544921875,163.0757293701172,163.13082885742188,0.0
2022-11-23,164.49639892578125,164.8857421875,164.4558563232422,164.49639892578125,0.0
2022-11-24,164.75961303710938,165.24839782714844,164.71609497070312,164.75961303710938,0.0
2022-11-25,165.21420288085938,165.6183624267578,165.1149139404297,165.21420288085938,0.0
2022-11-28,166.06381225585938,166.65989685058594,165.5328369140625,166.06381225585938,0.0
2022-11-29,166.61451721191406,167.02224731445312,166.50877380371094,166.61451721191406,0.0
2022-11-30,166.9564971923828,167.36181640625,166.86695861816406,166.9564971923828,0.0
2022-12-01,167.29168701171875,167.7233123779297,165.8057861328125,167.29168701171875,0.0
2022-12-02,167.64370727539062,168.17764282226562,167.60581970214844,167.64370727539062,0.0
2022-12-05,167.90679931640625,169.18568420410156,166.83941650390625,167.90679931640625,0.0
2022-12-06,169.14549255371094,169.56185913085938,169.10479736328125,169.14549255371094,0.0
2022-12-07,169.49154663085938,169.93099975585938,169.3946075439453,169.49154663085938,0.0
2022-12-08,169.80230712890625,169.86767578125,169.22511291503906,169.80230712890625,0.0
2022-12-09,169.7996063232422,169.876708984375,168.5979461669922,169.7996063232422,0.0
2022-12-12,170.2754669189453,171.4671173095703,169.78709411621094,170.2754669189453,0.0
2022-12-13,171.2834014892578,171.83009338378906,171.2491455078125,171.2834014892578,0.0
2022-12-14,171.7823944091797,172.17649841308594,171.69679260253906,171.7823944091797,0.0
2022-12-15,172.05340576171875,172.47900390625,171.97756958007812,172.05340576171875,0.0
2022-12-16,172.32479858398438,172.79019165039062,171.37977600097656,172.32479858398438,0.0
2022-12-19,172.6744384765625,173.71218872070312,172.40325927734375,172.6744384765625,0.0
2022-12-20,173.6051025390625,173.98199462890625,172.63995361328125,173.6051025390625,0.0
2022-12-21,173.91610717773438,174.2794647216797,173.52549743652344,173.91610717773438,0.0
2022-12-22,174.2675018310547,174.650390625,173.42434692382812,174.2675018310547,0.0
2022-12-23,174.5513916015625,174.9158935546875,174.40077209472656,174.5513916015625,0.0
2022-12-26,174.75489807128906,174.9443359375,174.10784912109375,174.75489807128906,0.0
2022-12-27,174.03912353515625,176.11146545410156,173.5692901611328,174.03912353515625,0.0
2022-12-28,176.0689697265625,176.406494140625,175.95840454101562,176.0689697265625,0.0
2022-12-29,176.13604736328125,176.7772674560547,176.00439453125,176.13604736328125,0.0
2022-12-30,176.84884643554688,177.16885375976562,175.89149475097656,176.84884643554688,0.0
2023-01-02,176.7242431640625,178.1758575439453,176.2306365966797,176.7242431640625,0.0
2023-01-03,178.1483154296875,178.50827026367188,177.09530639648438,178.1483154296875,0.0
2023-01-04,178.37583923339844,178.73422241210938,177.38580322265625,178.37583923339844,0.0
2023-01-05,178.58416748046875,179.03204345703125,178.04275512695312,178.58416748046875,0.0
2023-01-06,178.9051971435547,179.949462890625,178.8624725341797,178.9051971435547,0.0
2023-01-09,179.07168579101562,180.23057556152344,178.55975341796875,179.07168579101562,0.0
2023-01-10,180.09242248535156,180.48812866210938,180.0479736328125,180.09242248535156,0.0
2023-01-11,180.3656768798828,180.75291442871094,180.10595703125,180.3656768798828,0.0
2023-01-12,180.658203125,181.04876708984375,180.0141143798828,180.658203125,0.0
2023-01-13,180.96585083007812,181.35877990722656,180.85072326660156,180.96585083007812,0.0
2023-01-16,181.34210205078125,182.19943237304688,179.84478759765625,181.34210205078125,0.0
2023-01-17,182.17416381835938,182.5379180908203,182.06155395507812,182.17416381835938,0.0
2023-01-18,182.48326110839844,182.94322204589844,182.3039093017578,182.48326110839844,0.0
2023-01-19,182.79409790039062,183.16744995117188,182.7071075439453,182.79409790039062,0.0
2023-01-20,183.08309936523438,183.46128845214844,182.49073791503906,183.08309936523438,0.0
2023-01-23,183.3184051513672,184.40634155273438,181.71165466308594,183.31166076660156,0.0
2023-01-24,184.36090087890625,184.7180938720703,184.23348999023438,184.36090087890625,0.0
2023-01-25,184.61288452148438,185.07821655273438,183.83712768554688,184.61288452148438,0.0
2023-01-26,184.96241760253906,185.3679962158203,183.58770751953125,184.96241760253906,0.0
2023-01-27,185.298828125,185.70347595214844,185.1900634765625,185.298828125,0.0
2023-01-30,185.5740509033203,186.62843322753906,185.25238037109375,185.5740509033203,0.0
2023-01-31,186.57444763183594,186.91018676757812,186.20962524414062,186.57444763183594,0.0
2023-02-01,186.9944305419922,187.3483123779297,186.14141845703125,186.9944305419922,0.0
2023-02-02,187.25149536132812,187.72213745117188,187.20623779296875,187.25149536132812,0.0
2023-02-03,187.57948303222656,189.0136260986328,187.46517944335938,187.57948303222656,0.0
2023-02-06,188.09906005859375,189.14854431152344,187.8997039794922,188.09906005859375,0.0
2023-02-07,189.11459350585938,189.4940948486328,188.99989318847656,189.11459350585938,0.0
2023-02-08,189.5117950439453,189.9268035888672,189.375,189.5117950439453,0.0
2023-02-09,189.8134002685547,190.2397003173828,189.60946655273438,189.8134002685547,0.0
2023-02-10,190.1862030029297,190.56448364257812,190.0830078125,190.1862030029297,0.0
2023-02-13,190.5104217529297,191.69346618652344,190.41329956054688,190.5104217529297,0.0
2023-02-14,191.64370727539062,192.08544921875,191.5301055908203,191.64370727539062,0.0
2023-02-15,191.98269653320312,192.42239379882812,191.8624725341797,191.98269653320312,0.0
2023-02-16,192.36729431152344,192.8199005126953,192.28578186035156,192.36729431152344,0.0
2023-02-17,192.81178283691406,193.22520446777344,192.76980590820312,192.81178283691406,0.0
2023-02-20,191.69918823242188,193.17999267578125,191.52261352539062,191.69918823242188,0.0
2023-02-21,193.09689331054688,193.31309509277344,193.0498046875,193.09689331054688,0.0
2023-02-22,193.10910034179688,195.0484619140625,193.02496337890625,193.10910034179688,0.0
2023-02-23,194.9564971923828,195.6379852294922,194.82749938964844,194.9564971923828,0.0
2023-02-24,195.30393981933594,195.76806640625,194.92372131347656,195.30393981933594,0.0
2023-02-27,195.6977996826172,196.85682678222656,195.58970642089844,195.6977996826172,0.0
2023-02-28,196.7895050048828,197.20620727539062,196.6991729736328,196.7895050048828,0.0
2023-03-01,197.1407012939453,197.6114959716797,197.0583038330078,197.1407012939453,0.0
2023-03-02,197.55780029296875,197.97369384765625,197.47682189941406,197.55780029296875,0.0
2023-03-03,197.8488006591797,198.322998046875,197.7570037841797,197.8488006591797,0.0
2023-03-06,198.4232177734375,199.40890502929688,197.15162658691406,198.4232177734375,0.0
2023-03-07,199.36239624023438,199.7325897216797,199.2310028076172,199.36239624023438,0.0
2023-03-08,199.6811065673828,200.06129455566406,199.55430603027344,199.6811065673828,0.0
2023-03-09,199.97760009765625,200.39990234375,199.83200073242188,199.97760009765625,0.0
2023-03-10,200.34339904785156,200.76040649414062,199.45529174804688,200.34339904785156,0.0
2023-03-13,198.51910400390625,200.8212890625,197.5372772216797,198.51910400390625,0.0
2023-03-14,200.64089965820312,202.22280883789062,200.58770751953125,200.64089965820312,0.0
2023-03-15,202.09190368652344,202.5677490234375,201.94859313964844,202.09190368652344,0.0
2023-03-16,202.56210327148438,203.0302734375,202.4488525390625,202.56210327148438,0.0
2023-03-17,202.94549560546875,203.370849609375,202.8874053955078,202.94549560546875,0.0
2023-03-20,201.93951416015625,204.5468292236328,201.74868774414062,201.93951416015625,0.0
2023-03-21,204.52459716796875,204.973876953125,204.36770629882812,204.52459716796875,0.0
2023-03-22,204.99099731445312,205.41160583496094,204.87359619140625,204.99099731445312,0.0
2023-03-23,205.36790466308594,205.8254852294922,205.24383544921875,205.36790466308594,0.0
2023-03-24,205.75059509277344,205.81431579589844,205.58929443359375,205.75059509277344,0.0
2023-03-26,205.3491973876953,207.4342803955078,205.37210083007812,205.3491973876953,0.0
2023-03-27,207.41909790039062,207.85545349121094,207.29640197753906,207.41909790039062,0.0
2023-03-28,207.83839416503906,208.30738830566406,207.68130493164062,207.83839416503906,0.0
2023-03-29,208.29010009765625,208.65774536132812,208.24200439453125,208.29010009765625,0.0
2023-03-30,208.56430053710938,209.01698303222656,208.43190002441406,208.56430053710938,0.0
2023-04-02,209.7241973876953,210.3677978515625,208.8151092529297,209.7241973876953,0.0
2023-04-03,210.32110595703125,210.8382568359375,210.2076416015625,210.32110595703125,0.0
2023-04-04,210.77969360351562,211.2890167236328,210.6620635986328,210.77969360351562,0.0
2023-04-05,211.21029663085938,211.2718048095703,211.0717010498047,211.21029663085938,0.0
2023-04-06,211.2793731689453,211.66000366210938,210.79522705078125,211.2793731689453,0.0
2023-04-09,210.9987030029297,213.35000610351562,210.87245178222656,210.9987030029297,0.0
2023-04-10,212.26510620117188,213.8195037841797,211.9100799560547,212.26510620117188,0.0
2023-04-11,213.75619506835938,214.26939392089844,213.64089965820312,213.75619506835938,0.0
2023-04-12,214.2270965576172,214.7344970703125,214.09719848632812,214.2270965576172,0.0
2023-04-13,214.67489624023438,215.13519287109375,214.48532104492188,214.67489624023438,0.0
2023-04-16,215.43389892578125,216.48684692382812,214.97079467773438,215.43389892578125,0.0
2023-04-17,216.36709594726562,216.91299438476562,216.24549865722656,216.36709594726562,0.0
2023-04-18,216.93099975585938,217.50880432128906,216.7873992919922,216.93099975585938,0.0
2023-04-19,217.46890258789062,218.0577392578125,217.4063720703125,217.46890258789062,0.0
2023-04-20,217.960205078125,218.5928955078125,217.4169158935547,217.960205078125,0.0
2023-04-23,218.43930053710938,220.3039093017578,217.33631896972656,218.43930053710938,0.0
2023-04-24,220.21510314941406,220.8791046142578,220.09710693359375,220.21510314941406,0.0
2023-04-25,220.8679962158203,221.57510375976562,220.75001525878906,220.8679962158203,0.0
2023-04-26,221.53509521484375,222.06820678710938,221.3907928466797,221.53509521484375,0.0
2023-04-27,222.01100158691406,222.6163787841797,221.83221435546875,222.01100158691406,0.0
2023-04-30,221.47169494628906,222.3592987060547,220.9625244140625,221.47169494628906,0.0
2023-05-01,222.32080078125,224.73519897460938,222.02813720703125,222.32080078125,0.0
2023-05-02,224.5699005126953,225.2183837890625,224.50340270996094,224.5699005126953,0.0
2023-05-03,225.1658935546875,225.7646026611328,225.0281982421875,225.1658935546875,0.0
2023-05-04,225.6811981201172,226.67298889160156,225.51943969726562,225.6811981201172,0.0
2023-05-07,226.23330688476562,227.80731201171875,225.20404052734375,226.23330688476562,0.0
2023-05-08,227.62010192871094,228.19090270996094,227.34820556640625,227.62010192871094,0.0
2023-05-09,228.0886993408203,228.6687469482422,227.76272583007812,228.0886993408203,0.0
2023-05-10,228.52520751953125,229.0399932861328,228.4656982421875,228.52520751953125,0.0
2023-05-11,228.93850708007812,229.47927856445312,228.46322631835938,228.93850708007812,0.0
2023-05-14,230.01953125,230.69100952148438,228.25840759277344,230.01953125,0.0
2023-05-15,230.63650512695312,231.27589416503906,230.50819396972656,230.63650512695312,0.0
2023-05-16,231.1136016845703,231.72256469726562,230.9781036376953,231.1136016845703,0.0
2023-05-17,231.61790466308594,232.3316192626953,231.451904296875,231.61790466308594,0.0
2023-05-18,232.12969970703125,232.75308227539062,231.96217346191406,232.12969970703125,0.0
2023-05-21,231.539794921875,234.4145965576172,231.32652282714844,231.539794921875,0.0
2023-05-22,234.3227996826172,234.94729614257812,234.2689971923828,234.3227996826172,0.0
2023-05-23,234.91299438476562,235.69090270996094,234.79739379882812,234.91299438476562,0.0
2023-05-24,235.73678588867188,235.76092529296875,235.57473754882812,235.73678588867188,0.0
2023-05-25,235.73049926757812,235.75889587402344,235.57818603515625,235.73049926757812,0.0
2023-05-28,236.1245880126953,238.2792205810547,235.60540771484375,236.1245880126953,0.0
2023-05-29,238.2346954345703,238.88528442382812,238.12255859375,238.2346954345703,0.0
2023-05-30,238.83465576171875,239.72677612304688,238.66876220703125,238.83465576171875,0.0
2023-05-31,239.46742248535156,240.1488494873047,239.26800537109375,239.46742248535156,0.0
2023-06-01,240.1835479736328,240.7921600341797,238.2168731689453,240.1835479736328,0.0
2023-06-04,241.6879425048828,242.6105194091797,240.7644500732422,241.6879425048828,0.0
2023-06-05,242.4651641845703,243.25494384765625,242.345458984375,242.4651641845703,0.0
2023-06-06,243.19578552246094,243.8900909423828,242.32208251953125,243.19578552246094,0.0
2023-06-07,243.55035400390625,244.4014434814453,243.48899841308594,243.55035400390625,0.0
2023-06-08,244.4082794189453,245.02877807617188,244.194091796875,244.4082794189453,0.0
2023-06-11,244.5017852783203,246.84722900390625,244.5700225830078,244.5017852783203,0.0
2023-06-12,246.7292022705078,247.44549560546875,246.55325317382812,246.7292022705078,0.0
2023-06-13,247.125,247.88909912109375,246.98300170898438,247.125,0.0
2023-06-14,247.9324951171875,248.77699279785156,247.7252655029297,247.9324951171875,0.0
2023-06-15,248.46890258789062,249.2334747314453,248.35438537597656,248.46890258789062,0.0
2023-06-18,248.5179901123047,249.32870483398438,248.3817596435547,248.5179901123047,0.0
2023-06-19,249.30459594726562,249.343505859375,249.194580078125,249.30459594726562,0.0
2023-06-20,249.30929565429688,252.14047241210938,249.19386291503906,249.30929565429688,0.0
2023-06-21,251.87620544433594,252.53245544433594,251.81649780273438,251.87620544433594,0.0
2023-06-22,252.57437133789062,253.22608947753906,252.48953247070312,252.57437133789062,0.0
2023-06-25,252.660400390625,254.6883544921875,251.51780700683594,252.660400390625,0.0
2023-06-26,254.40518188476562,255.2816925048828,254.22689819335938,254.40518188476562,0.0
2023-06-27,255.2187957763672,255.8990478515625,255.047607421875,255.2187957763672,0.0
2023-06-28,255.88180541992188,256.5150146484375,255.66854858398438,255.88180541992188,0.0
2023-06-29,256.1846923828125,256.7518005371094,256.1382751464844,256.1846923828125,0.0
2023-07-02,254.8597869873047,258.50653076171875,254.6356964111328,254.8597869873047,0.0
2023-07-03,257.9541320800781,259.0328063964844,256.23516845703125,257.9541320800781,0.0
2023-07-04,259.1807861328125,259.927978515625,258.077880859375,259.1807861328125,0.0
2023-07-05,259.56671142578125,260.4573974609375,259.41888427734375,259.56671142578125,0.0
2023-07-06,260.36370849609375,261.0030517578125,260.2135009765625,260.36370849609375,0.0
2023-07-09,258.5085754394531,262.7782287597656,258.5156555175781,258.5085754394531,0.0
2023-07-10,262.5506896972656,263.3436279296875,262.4023132324219,262.5506896972656,0.0
2023-07-11,263.2101135253906,263.9879150390625,263.0758056640625,263.2101135253906,0.0
2023-07-12,263.9736022949219,264.62554931640625,263.83880615234375,263.9736022949219,0.0
2023-07-13,264.36419677734375,265.21978759765625,264.2414855957031,264.36419677734375,0.0
2023-07-16,265.0589904785156,266.8733215332031,264.1142578125,265.0589904785156,0.0
2023-07-17,266.7355041503906,267.6555480957031,264.7156982421875,266.7355041503906,0.0
2023-07-18,267.5119934082031,268.29278564453125,267.4259033203125,267.5119934082031,0.0
2023-07-19,268.1177062988281,268.8390808105469,268.0563049316406,268.1177062988281,0.0
2023-07-20,268.6185607910156,269.4415588378906,268.5606689453125,268.6185607910156,0.0
2023-07-23,268.63330078125,271.3240661621094,268.38177490234375,268.63330078125,0.0
2023-07-24,271.02587890625,271.82305908203125,270.8810729980469,271.02587890625,0.0
2023-07-25,271.6151123046875,272.4200134277344,270.76995849609375,271.6151123046875,0.0
2023-07-26,272.4700012207031,273.11358642578125,272.3854675292969,272.4700012207031,0.0
2023-07-27,273.0325012207031,273.7124938964844,272.57904052734375,273.0325012207031,0.0
2023-07-30,272.1883850097656,275.29705810546875,272.1106262207031,272.1883850097656,0.0
2023-07-31,275.28228759765625,276.2101135253906,274.7925720214844,275.28228759765625,0.0
2023-08-01,276.1822204589844,277.3509521484375,275.98553466796875,276.1822204589844,0.0
2023-08-02,277.38519287109375,278.4256896972656,277.31256103515625,277.38519287109375,0.0
2023-08-03,278.0585021972656,279.4051208496094,278.0163269042969,278.0585021972656,0.0
2023-08-06,276.4861755371094,283.2040100097656,276.3078918457031,276.4861755371094,0.0
2023-08-07,283.1828918457031,284.4114990234375,283.1065368652344,283.1828918457031,0.0
2023-08-08,284.1156921386719,285.2378234863281,284.0495910644531,284.1156921386719,0.0
2023-08-09,285.16351318359375,286.2455749511719,284.1686096191406,285.16351318359375,0.0
2023-08-10,286.1673889160156,287.3418273925781,286.1084289550781,286.1673889160156,0.0
2023-08-13,287.3923645019531,287.8338928222656,286.32916259765625,287.3923645019531,0.0
2023-08-14,349.93609619140625,350.0641174316406,349.72088623046875,349.93609619140625,0.0
2023-08-15,349.97479248046875,350.0542297363281,349.8955078125,349.97479248046875,0.0
2023-08-16,349.9700012207031,350.0610046386719,349.90008544921875,349.9700012207031,0.0
2023-08-17,349.897705078125,350.8171081542969,349.2755126953125,349.897705078125,0.0
2023-08-20,349.5517883300781,350.0528869628906,349.0980529785156,349.5517883300781,0.0
2023-08-21,349.8616943359375,350.0660095214844,349.7542419433594,349.8616943359375,0.0
2023-08-22,349.93780517578125,350.0596923828125,349.6201477050781,349.93780517578125,0.0
2023-08-23,349.9708251953125,350.0177917480469,349.87579345703125,349.9708251953125,0.0
2023-08-24,349.97979736328125,351.8640441894531,349.7510681152344,349.97979736328125,0.0
2023-08-27,350.16290283203125,350.15960693359375,349.5708923339844,350.16290283203125,0.0
2023-08-28,349.9732971191406,350.0621032714844,349.8183898925781,349.9732971191406,0.0
2023-08-29,349.9812927246094,350.0223388671875,349.8838195800781,349.9812927246094,0.0
2023-08-30,349.860107421875,350.2007751464844,349.76116943359375,349.860107421875,0.0
2023-08-31,349.9717102050781,350.0700988769531,349.7435607910156,349.9717102050781,0.0
2023-09-03,352.2033996582031,352.3374938964844,349.7972412109375,352.2033996582031,0.0
2023-09-04,350.01580810546875,350.2218017578125,349.87054443359375,350.01580810546875,0.0
2023-09-05,349.9750061035156,350.05841064453125,349.8942565917969,349.9750061035156,0.0
2023-09-06,349.9708251953125,350.0486145019531,349.7891540527344,349.9708251953125,0.0
2023-09-07,349.9950866699219,350.035888671875,349.7959899902344,349.9950866699219,0.0
2023-09-10,349.4252014160156,350.0542907714844,349.3664855957031,349.4252014160156,0.0
2023-09-11,349.97491455078125,350.0195007324219,349.906494140625,349.97491455078125,0.0
2023-09-12,349.9739990234375,350.04339599609375,349.8919982910156,349.9739990234375,0.0
2023-09-13,349.9930114746094,350.0523986816406,349.8800964355469,349.9930114746094,0.0
2023-09-14,349.9848937988281,350.0603942871094,349.7838134765625,349.9848937988281,0.0
2023-09-17,349.6108093261719,350.0452880859375,349.4028015136719,349.6108093261719,0.0
2023-09-18,349.91778564453125,350.0412902832031,349.9023132324219,349.91778564453125,0.0
2023-09-19,349.965087890625,350.0379943847656,349.7987976074219,349.965087890625,0.0
2023-09-20,349.9569091796875,350.0528869628906,349.8410949707031,349.9569091796875,0.0
2023-09-21,349.9773864746094,350.0823974609375,349.89520263671875,349.9773864746094,0.0
2023-09-24,349.60089111328125,350.06378173828125,349.3585205078125,349.60089111328125,0.0
2023-09-25,350.0085144042969,351.692138671875,349.94146728515625,350.0085144042969,0.0
2023-09-26,350.0199890136719,350.3076171875,349.94378662109375,350.0199890136719,0.0
2023-09-27,349.9833984375,351.2487487792969,349.9123840332031,349.9833984375,0.0
2023-09-28,350.03900146484375,350.0867919921875,349.0911560058594,350.03900146484375,0.0
2023-10-01,351.4693908691406,351.5509948730469,349.9296569824219,351.4693908691406,0.0
2023-10-02,349.9949951171875,350.0751037597656,349.9173278808594,349.9949951171875,0.0
2023-10-03,350.0199890136719,350.0690612792969,349.9304504394531,350.0199890136719,0.0
2023-10-04,350.0299987792969,350.0816955566406,349.94580078125,350.0299987792969,0.0
2023-10-05,350.03564453125,350.11761474609375,349.1771240234375,350.03564453125,0.0
2023-10-08,349.6242980957031,350.22589111328125,349.3172302246094,349.6242980957031,0.0
2023-10-09,350.0168151855469,350.0787048339844,349.83880615234375,350.0168151855469,0.0
2023-10-10,350.0592346191406,350.1675109863281,349.88934326171875,350.0592346191406,0.0
2023-10-11,350.069091796875,350.1160888671875,349.9776306152344,350.069091796875,0.0
2023-10-12,350.07501220703125,350.12060546875,349.99932861328125,350.07501220703125,0.0
2023-10-15,349.9858093261719,350.1521301269531,349.7219543457031,349.9858093261719,0.0
2023-10-16,350.07000732421875,350.1164855957031,349.2348327636719,350.07000732421875,0.0
2023-10-17,349.9190368652344,350.0450134277344,349.616455078125,349.9190368652344,0.0
2023-10-18,350.07330322265625,350.11212158203125,349.8468017578125,350.07330322265625,0.0
2023-10-19,349.935302734375,350.0788879394531,349.8697814941406,349.935302734375,0.0
2023-10-22,349.96380615234375,350.3309020996094,349.60772705078125,349.96380615234375,0.0
2023-10-23,350.00518798828125,350.0668640136719,349.7939147949219,350.00518798828125,0.0
2023-10-24,349.9674987792969,350.7734069824219,349.7380676269531,349.9674987792969,0.0
2023-10-25,350.0249938964844,350.0805358886719,349.90478515625,350.0249938964844,0.0
2023-10-26,349.8273010253906,350.0605163574219,349.7378845214844,349.8273010253906,0.0
2023-10-30,349.5355529785156,350.0688171386719,349.4214172363281,349.5355529785156,0.0
2023-10-31,349.9740905761719,350.0570373535156,349.8045349121094,349.9740905761719,0.0
2023-11-01,349.9717102050781,350.0555114746094,349.8929443359375,349.9717102050781,0.0
2023-11-02,349.9658203125,350.0734558105469,349.903076171875,349.9658203125,0.0
2023-11-03,350.04339599609375,350.10980224609375,349.9590148925781,350.04339599609375,0.0
2023-11-06,347.2341613769531,350.0802917480469,346.973876953125,347.2341613769531,0.0
2023-11-07,350.0191345214844,351.3115539550781,349.6650695800781,350.0191345214844,0.0
2023-11-08,349.8904113769531,350.0665283203125,349.77587890625,349.8904113769531,0.0
2023-11-09,349.9700012207031,350.0564880371094,349.8703918457031,349.9700012207031,0.0
2023-11-10,349.9715881347656,350.0544128417969,349.8830871582031,349.9715881347656,0.0
2023-11-13,349.4859924316406,350.0657958984375,349.45166015625,349.4859924316406,0.0
2023-11-14,349.9830017089844,350.2733459472656,349.7290954589844,349.9830017089844,0.0
2023-11-15,350.09014892578125,353.10498046875,349.94708251953125,350.09014892578125,0.0
2023-11-16,352.8387145996094,354.2241516113281,352.7378234863281,352.8387145996094,0.0
2023-11-17,353.47735595703125,354.23712158203125,352.725830078125,353.47735595703125,0.0
2023-11-20,352.10601806640625,353.86810302734375,351.2012023925781,352.10601806640625,0.0
2023-11-21,353.8486328125,356.0846862792969,353.7646484375,353.8486328125,0.0
2023-11-22,355.9732971191406,356.5937805175781,354.5836181640625,355.9732971191406,0.0
2023-11-23,356.43011474609375,357.0585632324219,356.1145324707031,356.43011474609375,0.0
2023-11-24,357.0199890136719,357.5798034667969,356.9512939453125,357.0199890136719,0.0
2023-11-27,356.12530517578125,359.055908203125,355.614990234375,356.12530517578125,0.0
2023-11-28,358.96923828125,359.5857849121094,358.87420654296875,358.96923828125,0.0
2023-11-29,359.53570556640625,360.0896911621094,359.4522399902344,359.53570556640625,0.0
2023-11-30,359.960205078125,360.6271057128906,359.48626708984375,359.960205078125,0.0
2023-12-01,360.465087890625,361.09161376953125,360.18878173828125,360.465087890625,0.0
2023-12-04,360.8061828613281,362.60772705078125,360.8262023925781,360.8061828613281,0.0
2023-12-05,362.5024719238281,363.0669860839844,361.8134460449219,362.5024719238281,0.0
2023-12-06,363.0617980957031,363.6307067871094,362.96600341796875,363.0617980957031,0.0
2023-12-07,363.5768127441406,364.09710693359375,363.4690856933594,363.5768127441406,0.0
2023-12-08,363.91082763671875,363.9742126464844,363.79840087890625,363.91082763671875,0.0
2023-12-11,364.4322204589844,366.0476989746094,363.8138122558594,364.4322204589844,0.0
2023-12-12,365.8271179199219,366.5414123535156,365.6675720214844,365.8271179199219,0.0
2023-12-13,366.47198486328125,366.5382080078125,365.6929931640625,366.47198486328125,0.0
2023-12-14,799.9635009765625,800.9697265625,792.720703125,799.9635009765625,0.0
2023-12-15,785.2970581054688,801.269287109375,784.8544311523438,785.2970581054688,0.0
2023-12-18,792.3823852539062,802.6980590820312,790.6515502929688,792.3823852539062,0.0
2023-12-19,802.6209106445312,803.2405395507812,800.56884765625,802.6209106445312,0.0
2023-12-20,803.167236328125,803.8156127929688,803.013427734375,803.167236328125,0.0
2023-12-21,803.7171630859375,804.3233642578125,803.5540161132812,803.7171630859375,0.0
2023-12-22,804.2391967773438,804.8766479492188,804.0310668945312,804.2391967773438,0.0
2023-12-25,805.2099609375,806.4912719726562,802.2997436523438,805.2099609375,0.0
2023-12-26,803.9196166992188,806.9949951171875,802.6922607421875,803.9196166992188,0.0
2023-12-27,802.2271118164062,807.489990234375,802.1980590820312,802.2271118164062,0.0
2023-12-28,807.4172973632812,808.0509643554688,807.2431640625,807.4172973632812,0.0
2023-12-29,807.9782104492188,808.635009765625,807.7958374023438,807.9782104492188,0.0
2024-01-01,810.7463989257812,810.7463989257812,809.7303466796875,810.7463989257812,0.0
2024-01-02,810.808837890625,812.3029174804688,808.2803344726562,810.808837890625,0.0
2024-01-03,810.5570678710938,811.2386474609375,808.98095703125,810.5570678710938,0.0
2024-01-04,810.622314453125,811.9033813476562,810.455322265625,810.622314453125,0.0
2024-01-05,811.619873046875,812.4569091796875,811.4610595703125,811.619873046875,0.0
2024-01-08,809.6477661132812,813.9664306640625,808.7681274414062,809.6477661132812,0.0
2024-01-09,813.8570556640625,814.4464111328125,813.645263671875,813.8570556640625,0.0
2024-01-10,814.3309936523438,815.0202026367188,813.8236694335938,814.3309936523438,0.0
2024-01-11,814.953369140625,815.72900390625,814.7789306640625,814.953369140625,0.0
2024-01-12,815.4496459960938,816.1799926757812,815.2376708984375,815.4496459960938,0.0
2024-01-15,816.3963012695312,817.7743530273438,815.4281005859375,816.3963012695312,0.0
2024-01-16,817.7183227539062,818.3385620117188,817.5123901367188,817.7183227539062,0.0
2024-01-17,818.1458740234375,818.8467407226562,817.9503784179688,818.1458740234375,0.0
2024-01-18,818.6646728515625,819.3439331054688,818.4466552734375,818.6646728515625,0.0
2024-01-19,819.2421264648438,819.8551635742188,819.0313720703125,819.2421264648438,0.0
2024-01-22,818.8342895507812,821.4986572265625,817.4495849609375,818.8342895507812,0.0
2024-01-23,821.4609985351562,822.0253295898438,821.2455444335938,821.4609985351562,0.0
2024-01-24,821.9420166015625,822.7283935546875,821.7342529296875,821.9420166015625,0.0
2024-01-25,822.4420776367188,823.1893920898438,822.2266845703125,822.4420776367188,0.0
2024-01-26,823.019287109375,823.6555786132812,822.8864135742188,823.019287109375,0.0
2024-01-29,825.3900756835938,825.6375732421875,823.3212890625,825.3900756835938,0.0
2024-01-30,825.2381591796875,825.8486938476562,822.56787109375,825.2381591796875,0.0
2024-01-31,825.7496948242188,826.3409423828125,825.512939453125,825.7496948242188,0.0
2024-02-01,826.3496704101562,826.9337768554688,826.0238037109375,826.3496704101562,0.0
2024-02-02,826.8382568359375,827.5140991210938,826.640625,826.8382568359375,0.0
2024-02-05,834.7530517578125,835.6832885742188,827.1727294921875,834.7530517578125,0.0
2024-02-06,829.0419921875,829.619140625,828.8027954101562,829.0419921875,0.0
2024-02-07,829.4802856445312,830.2190551757812,829.3262329101562,829.4802856445312,0.0
2024-02-08,830.19970703125,830.7267456054688,829.9414672851562,830.19970703125,0.0
2024-02-09,830.653564453125,831.3267822265625,830.4646606445312,830.653564453125,0.0
2024-02-12,828.5751342773438,831.4386596679688,828.33349609375,828.5751342773438,0.0
2024-02-13,831.2803344726562,831.4472045898438,830.9274291992188,831.2803344726562,0.0
2024-02-14,831.2802734375,834.0197143554688,831.1210327148438,831.2802734375,0.0
2024-02-15,833.9419555664062,834.6156616210938,833.7437133789062,833.9419555664062,0.0
2024-02-16,834.5380859375,835.154541015625,834.3636474609375,834.5380859375,0.0
2024-02-19,834.00146484375,837.0217895507812,833.5995483398438,833.9705200195312,0.0
2024-02-20,836.745849609375,837.3347778320312,836.574951171875,836.745849609375,0.0
2024-02-21,837.2420043945312,837.9349365234375,836.3197021484375,837.2420043945312,0.0
2024-02-22,837.8497314453125,838.5087280273438,837.64111328125,837.8497314453125,0.0
2024-02-23,838.3419799804688,839.0078735351562,838.15234375,838.3419799804688,0.0
2024-02-26,838.8373413085938,840.711669921875,838.3147583007812,838.798583984375,0.0
2024-02-27,840.6381225585938,841.2078247070312,840.2976684570312,840.6381225585938,0.0
2024-02-28,841.1070556640625,841.854736328125,840.62646484375,841.1070556640625,0.0
2024-02-29,841.745849609375,842.3964233398438,841.5671997070312,841.745849609375,0.0
2024-03-01,842.3497924804688,842.9080810546875,842.1744995117188,842.3497924804688,0.0
2024-03-04,842.8960571289062,844.2925415039062,840.101806640625,842.8960571289062,0.0
2024-03-05,844.2614135742188,845.366455078125,844.07861328125,844.2614135742188,0.0
2024-03-06,845.4365844726562,846.4892578125,842.9448852539062,845.4365844726562,0.0
2024-03-07,845.6256103515625,846.4598388671875,845.5946044921875,845.6256103515625,0.0
2024-03-08,846.2382202148438,846.9586181640625,845.7177124023438,846.2382202148438,0.0
2024-03-11,845.52734375,848.3079833984375,845.249267578125,845.52734375,0.0
2024-03-12,848.2342529296875,848.8275756835938,847.2420654296875,848.2342529296875,0.0
2024-03-13,847.0014038085938,849.7925415039062,846.8037719726562,847.0014038085938,0.0
2024-03-14,849.7381591796875,850.316162109375,849.5789184570312,849.7381591796875,0.0
2024-03-15,850.296630859375,854.6369018554688,849.666748046875,850.296630859375,0.0
2024-03-18,851.0789184570312,852.3007202148438,850.3521728515625,851.0789184570312,0.0
2024-03-19,852.245849609375,852.7969360351562,852.078125,852.245849609375,0.0
2024-03-20,853.2537231445312,853.320556640625,852.0927124023438,853.2537231445312,0.0
2024-03-21,853.2380981445312,854.316650390625,846.0521240234375,853.2380981445312,0.0
2024-03-22,854.245849609375,854.7971801757812,854.0527954101562,854.245849609375,0.0
2024-03-25,854.8953247070312,856.3208618164062,853.6867065429688,854.8953247070312,0.0
2024-03-26,856.2576904296875,856.8367919921875,856.0918579101562,856.2576904296875,0.0
2024-03-27,856.7814331054688,857.594970703125,856.5519409179688,856.7814331054688,0.0
2024-03-28,857.7379150390625,857.8766479492188,856.8990478515625,857.7379150390625,0.0
2024-03-29,857.2862548828125,858.9378662109375,856.17431640625,857.2862548828125,0.0
2024-03-31,857.0509033203125,861.942626953125,856.5628051757812,857.0509033203125,0.0
2024-04-01,861.7256469726562,862.3280029296875,857.2533569335938,861.7256469726562,0.0
2024-04-02,857.496826171875,857.6321411132812,857.3377075195312,857.496826171875,0.0
2024-04-03,857.5040283203125,861.8449096679688,857.3401489257812,857.5040283203125,0.0
2024-04-04,861.7537841796875,862.8369140625,861.5946655273438,861.7537841796875,0.0
2024-04-07,862.0182495117188,864.3055419921875,860.8815307617188,862.0182495117188,0.0
2024-04-08,864.2451171875,864.8057250976562,864.0787353515625,864.2451171875,0.0
2024-04-09,864.6535034179688,865.47802734375,864.5626831054688,864.6535034179688,0.0
2024-04-10,865.3054809570312,866.01220703125,865.0363159179688,865.3054809570312,0.0
2024-04-11,865.7601928710938,866.8842163085938,865.5753173828125,865.7601928710938,0.0
2024-04-14,865.5996704101562,868.3511962890625,864.97412109375,865.5996704101562,0.0
2024-04-15,868.2449951171875,868.8145141601562,868.0167846679688,868.2449951171875,0.0
2024-04-16,868.7327270507812,869.3104248046875,868.4761352539062,868.7327270507812,0.0
2024-04-17,869.2501220703125,869.83154296875,868.739990234375,869.2501220703125,0.0
2024-04-18,869.8757934570312,874.4149780273438,869.58251953125,869.8757934570312,0.0
2024-04-21,868.6754760742188,872.3311157226562,867.6986083984375,868.7936401367188,0.0
2024-04-22,872.2409057617188,872.851806640625,871.9924926757812,872.2409057617188,0.0
2024-04-23,872.7376098632812,873.3195190429688,872.5416259765625,872.7376098632812,0.0
2024-04-24,873.2498779296875,873.8111572265625,873.06640625,873.2498779296875,0.0
2024-04-25,873.753173828125,874.8397827148438,873.5665893554688,873.753173828125,0.0
2024-04-28,875.3379516601562,876.3277587890625,873.20947265625,875.3379516601562,0.0
2024-04-29,876.7409057617188,876.8685302734375,876.5496215820312,876.7409057617188,0.0
2024-04-30,877.0737915039062,883.154052734375,875.1718139648438,877.0737915039062,0.0
2024-05-01,872.7755126953125,878.3148193359375,872.3923950195312,872.7755126953125,0.0
2024-05-02,878.2000122070312,878.892578125,876.89208984375,878.2000122070312,0.0
2024-05-05,876.9979858398438,880.3265991210938,875.8865966796875,876.9979858398438,0.0
2024-05-06,880.1182861328125,880.8350219726562,880.0242919921875,880.1182861328125,0.0
2024-05-07,880.651611328125,881.8196411132812,880.5565185546875,880.651611328125,0.0
2024-05-08,881.74169921875,882.3391723632812,881.548095703125,881.74169921875,0.0
2024-05-09,882.5155029296875,882.822998046875,882.3074951171875,882.5155029296875,0.0
2024-05-12,883.173095703125,884.3392944335938,882.7515258789062,883.173095703125,0.0
2024-05-13,884.0526123046875,885.3194580078125,882.2445678710938,884.0526123046875,0.0
2024-05-14,885.2655029296875,885.8676147460938,884.8679809570312,885.2655029296875,0.0
2024-05-15,885.7490844726562,886.3195190429688,885.5659790039062,885.7490844726562,0.0
2024-05-16,886.2410278320312,886.8012084960938,886.041015625,886.2410278320312,0.0
2024-05-19,883.430908203125,888.826904296875,882.501953125,883.430908203125,0.0
2024-05-20,888.7294311523438,889.3516235351562,888.549560546875,888.7294311523438,0.0
2024-05-21,889.2286987304688,889.832275390625,889.0394287109375,889.2286987304688,0.0
2024-05-22,889.9910278320312,890.3519287109375,889.7894897460938,889.9910278320312,0.0
2024-05-23,890.2451171875,890.8074340820312,890.0556030273438,890.2451171875,0.0
2024-05-26,889.7153930664062,892.8272705078125,889.2030029296875,889.7153930664062,0.0
2024-05-27,893.4547729492188,893.594482421875,893.0642700195312,893.4547729492188,0.0
2024-05-28,893.4827270507812,893.8193969726562,893.2880859375,893.4827270507812,0.0
2024-05-29,893.7532958984375,894.2944946289062,893.489501953125,893.7532958984375,0.0
2024-05-30,894.2490844726562,895.5206298828125,893.8055419921875,894.2490844726562,0.0
2024-06-02,894.2227783203125,897.073486328125,893.4886474609375,894.2227783203125,0.0
2024-06-03,896.545166015625,897.2582397460938,895.1865234375,896.545166015625,0.0
2024-06-04,897.011474609375,898.103515625,896.7807006835938,897.011474609375,0.0
2024-06-05,898.504150390625,898.8201904296875,897.493408203125,898.504150390625,0.0
2024-06-06,898.5032958984375,899.4970703125,898.2796020507812,898.5032958984375,0.0
2024-06-09,907.6162719726562,910.1834106445312,899.0360717773438,907.6162719726562,0.0
2024-06-10,901.7324829101562,902.3300170898438,896.867919921875,901.7324829101562,0.0
2024-06-11,902.0,902.3207397460938,901.7098999023438,902.0,0.0
2024-06-12,901.7366943359375,904.4285278320312,901.5111083984375,901.7366943359375,0.0
2024-06-13,902.25,902.5584106445312,901.9486083984375,902.25,0.0
2024-06-16,902.1074829101562,903.3544921875,901.686279296875,902.1074829101562,0.0
2024-06-17,902.4916381835938,906.2871704101562,902.2846069335938,902.4916381835938,0.0
2024-06-18,905.7451171875,906.1705322265625,900.8931274414062,905.7451171875,0.0
2024-06-19,905.733154296875,906.2357788085938,905.5427856445312,905.733154296875,0.0
2024-06-20,905.5462036132812,905.8552856445312,905.4915771484375,905.5462036132812,0.0
2024-06-23,905.1624755859375,909.2821044921875,904.2676391601562,905.1624755859375,0.0
2024-06-24,908.7415771484375,909.7874755859375,908.5072021484375,908.7415771484375,0.0
2024-06-25,909.2587280273438,910.5810546875,909.0242919921875,909.2587280273438,0.0
2024-06-26,911.0036010742188,911.8046264648438,910.8159790039062,911.0036010742188,0.0
2024-06-27,910.9915771484375,912.072509765625,910.485107421875,910.9915771484375,0.0
2024-06-30,908.7191772460938,914.0886840820312,906.7490234375,908.7191772460938,0.0
2024-07-01,913.4227294921875,914.78759765625,913.2822265625,913.4227294921875,0.0
2024-07-02,914.2415771484375,915.5382080078125,914.02490234375,914.2415771484375,0.0
2024-07-03,913.732421875,913.8381958007812,913.5322875976562,913.732421875,0.0
2024-07-04,913.7500610351562,916.7882080078125,913.4918212890625,913.7500610351562,0.0
2024-07-07,913.7277221679688,917.8001708984375,912.85498046875,913.7277221679688,0.0
2024-07-08,917.173095703125,917.3348388671875,915.6984252929688,917.173095703125,0.0
2024-07-09,917.2415771484375,919.3010864257812,916.7473754882812,917.2415771484375,0.0
2024-07-10,918.7501220703125,920.255615234375,915.5791625976562,918.7501220703125,0.0
2024-07-11,919.2416381835938,919.5424194335938,919.0546875,919.2416381835938,0.0
2024-07-14,919.5870971679688,922.0845947265625,918.6915283203125,919.5870971679688,0.0
2024-07-15,922.2407836914062,923.2713623046875,921.9879150390625,922.2407836914062,0.0
2024-07-16,922.7534790039062,923.3126220703125,921.9816284179688,922.7534790039062,0.0
2024-07-17,922.9578857421875,923.7957763671875,922.7280883789062,922.9578857421875,0.0
2024-07-18,924.7246704101562,925.7526245117188,923.9738159179688,924.7246704101562,0.0
2024-07-21,923.3663940429688,926.52490234375,923.5521850585938,923.3663940429688,0.0
2024-07-22,925.7407836914062,926.7620849609375,925.5025024414062,925.7407836914062,0.0
2024-07-23,925.9907836914062,927.7470703125,925.7985229492188,925.9907836914062,0.0
2024-07-24,927.9786987304688,928.50439453125,927.802490234375,927.9786987304688,0.0
2024-07-25,929.4608154296875,929.6157836914062,928.56982421875,929.4608154296875,0.0
2024-07-28,929.6746826171875,931.0388793945312,928.3236083984375,929.6746826171875,0.0
2024-07-29,931.7449951171875,931.982177734375,931.0985107421875,931.7449951171875,0.0
2024-07-30,932.2105102539062,933.19873046875,931.7235107421875,932.2105102539062,0.0
2024-07-31,930.7493286132812,932.8917236328125,930.4959106445312,930.7493286132812,0.0
2024-08-01,931.7501220703125,933.2544555664062,931.5380249023438,931.7501220703125,0.0
2024-08-04,924.2064819335938,935.5004272460938,923.220703125,924.2064819335938,0.0
2024-08-05,934.7374877929688,935.814453125,934.5880126953125,934.7374877929688,0.0
2024-08-06,935.4865112304688,936.5130004882812,935.2764282226562,935.4865112304688,0.0
2024-08-07,935.7695922851562,936.8963012695312,933.6671142578125,935.7695922851562,0.0
2024-08-08,936.2501831054688,937.04638671875,936.014404296875,936.2501831054688,0.0
2024-08-11,936.7986450195312,939.3018188476562,935.8467407226562,936.7986450195312,0.0
2024-08-12,938.7630615234375,939.7922973632812,938.5099487304688,938.7630615234375,0.0
2024-08-13,939.7365112304688,941.317626953125,939.5106201171875,939.7365112304688,0.0
2024-08-14,940.2449951171875,941.0850219726562,940.0101928710938,940.2449951171875,0.0
2024-08-15,943.3582153320312,943.3797607421875,940.5609741210938,943.3582153320312,0.0
2024-08-18,938.0748291015625,944.0206909179688,936.4693603515625,938.0748291015625,0.0
2024-08-19,943.2407836914062,944.593994140625,940.5045166015625,943.2407836914062,0.0
2024-08-20,943.7459716796875,944.492919921875,943.5381469726562,943.7459716796875,0.0
2024-08-21,943.9993286132812,945.5036010742188,943.7877197265625,943.9993286132812,0.0
2024-08-22,945.2534790039062,946.0206298828125,944.7449951171875,945.2534790039062,0.0
2024-08-25,939.4436645507812,948.3300170898438,938.2653198242188,939.4436645507812,0.0
2024-08-26,949.4832153320312,949.5972290039062,948.6123046875,949.4832153320312,0.0
2024-08-27,948.74169921875,949.5634155273438,948.3421020507812,948.74169921875,0.0
2024-08-28,948.483154296875,949.8051147460938,948.269287109375,948.483154296875,0.0
2024-08-29,950.2416381835938,951.2880249023438,949.827880859375,950.2416381835938,0.0
2024-09-01,953.2374267578125,953.4403076171875,951.103271484375,953.2374267578125,0.0
2024-09-02,952.7451171875,953.3184204101562,952.4995727539062,952.7451171875,0.0
2024-09-03,953.4907836914062,954.0208740234375,953.236328125,953.4907836914062,0.0
2024-09-04,953.2537231445312,954.2761840820312,952.7421875,953.2537231445312,0.0
2024-09-05,953.7794189453125,954.61572265625,953.4749145507812,953.7794189453125,0.0
2024-09-08,955.4653930664062,957.331787109375,955.135498046875,955.4653930664062,0.0
2024-09-09,957.754638671875,957.85888671875,957.3822021484375,957.754638671875,0.0
2024-09-10,957.49072265625,958.5829467773438,957.261962890625,957.49072265625,0.0
2024-09-11,957.7371826171875,958.980712890625,957.544921875,957.7371826171875,0.0
2024-09-12,959.9915771484375,960.0902709960938,958.9873046875,959.9915771484375,0.0
2024-09-15,959.2454833984375,961.288330078125,958.6984252929688,959.2454833984375,0.0
2024-09-16,960.4951171875,961.7796020507812,960.2567138671875,960.4951171875,0.0
2024-09-17,961.2363891601562,962.5307006835938,961.0205078125,961.2363891601562,0.0
2024-09-18,962.2449951171875,963.0598754882812,962.03369140625,962.2449951171875,0.0
2024-09-19,962.7493896484375,963.7666015625,962.5338134765625,962.7493896484375,0.0
2024-09-22,962.63720703125,966.0775146484375,962.098388671875,962.63720703125,0.0
2024-09-23,965.2277221679688,966.5123901367188,964.997314453125,965.2277221679688,0.0
2024-09-24,965.2578735351562,967.2882080078125,964.9993896484375,965.2578735351562,0.0
2024-09-25,968.4951171875,968.9539794921875,967.69287109375,968.4951171875,0.0
2024-09-26,967.2286987304688,968.3411254882812,967.0145874023438,967.2286987304688,0.0
2024-09-29,965.6124877929688,970.1373901367188,965.2020874023438,965.6124877929688,0.0
2024-09-30,968.763427734375,970.5660400390625,968.4796752929688,968.763427734375,0.0
2024-10-01,969.5872802734375,970.8338012695312,969.521728515625,969.5872802734375,0.0
2024-10-02,970.24072265625,972.0656127929688,970.02197265625,970.24072265625,0.0
2024-10-03,971.7459716796875,971.851318359375,971.4852294921875,971.7459716796875,0.0
2024-10-06,976.6614990234375,977.1825561523438,971.0280151367188,976.6614990234375,0.0
2024-10-07,974.8248901367188,975.3073120117188,974.5189208984375,974.8248901367188,0.0
2024-10-08,974.2493896484375,975.6251220703125,974.0017700195312,974.2493896484375,0.0
2024-10-09,974.736083984375,976.022705078125,974.0706176757812,974.736083984375,0.0
2024-10-10,974.7271728515625,974.989990234375,974.5089111328125,974.7271728515625,0.0
2024-10-13,975.8427124023438,980.0631713867188,974.5800170898438,975.8427124023438,0.0
2024-10-14,979.982421875,980.098388671875,979.2099609375,979.982421875,0.0
2024-10-15,979.4823608398438,980.804443359375,979.14892578125,979.4823608398438,0.0
2024-10-16,980.1729125976562,981.0720825195312,980.0057983398438,980.1729125976562,0.0
2024-10-17,980.7315063476562,981.031982421875,980.4771118164062,980.7315063476562,0.0
2024-10-20,978.6605224609375,983.535888671875,978.5558471679688,978.6605224609375,0.0
2024-10-21,983.240478515625,984.2822875976562,982.9953002929688,983.240478515625,0.0
2024-10-22,983.745849609375,985.7181396484375,983.5490112304688,983.745849609375,0.0
2024-10-23,984.2927856445312,985.5733642578125,982.1266479492188,984.2927856445312,0.0
2024-10-24,985.2412719726562,985.79052734375,982.6149291992188,985.2412719726562,0.0
2024-10-28,987.740234375,989.0044555664062,984.77734375,987.740234375,0.0
2024-10-29,987.4813842773438,988.0966796875,985.25390625,987.4813842773438,0.0
2024-10-30,987.8043823242188,989.5371704101562,986.7003784179688,987.8043823242188,0.0
2024-10-31,988.7359008789062,989.8770751953125,988.4945068359375,988.7359008789062,0.0
2024-11-01,990.2495727539062,990.3551025390625,989.5991821289062,990.2495727539062,0.0
2024-11-04,989.6345825195312,992.7813720703125,986.8988037109375,989.6345825195312,0.0
2024-11-05,992.7360229492188,993.0869750976562,992.521484375,992.7360229492188,0.0
2024-11-06,992.794921875,993.0612182617188,992.4251098632812,992.794921875,0.0
2024-11-07,992.7404174804688,994.3635864257812,992.45361328125,992.7404174804688,0.0
2024-11-08,993.76708984375,994.305908203125,993.4901733398438,993.76708984375,0.0
2024-11-11,1000.0746459960938,1000.6583862304688,993.4984130859375,1000.0746459960938,0.0
2024-11-12,998.5090942382812,998.6312866210938,997.6838989257812,998.5090942382812,0.0
2024-11-13,997.6605224609375,998.4193115234375,997.4959716796875,997.6605224609375,0.0
2024-11-14,998.2362670898438,1000.0980834960938,998.003173828125,998.2362670898438,0.0
2024-11-15,1003.2369995117188,1003.5848999023438,996.4166259765625,1003.2369995117188,0.0
2024-11-18,998.3346557617188,1003.1422119140625,996.7490234375,998.3346557617188,0.0
2024-11-19,998.2672729492188,1002.396484375,998.263427734375,998.2672729492188,0.0
2024-11-20,1001.7646484375,1002.8499145507812,1001.3621826171875,1001.7646484375,0.0
2024-11-21,1002.7402954101562,1004.8375244140625,1002.4826049804688,1002.7402954101562,0.0
2024-11-22,1004.0340576171875,1004.154541015625,1003.4752807617188,1004.0340576171875,0.0
2024-11-25,997.8641967773438,1006.6810913085938,996.9605102539062,997.8641967773438,0.0
2024-11-26,1006.4901733398438,1007.3123168945312,1006.1547241210938,1006.4901733398438,0.0
2024-11-27,1007.236083984375,1008.3989868164062,1006.9541015625,1007.236083984375,0.0
2024-11-28,1008.0093994140625,1009.548828125,1007.7322998046875,1008.0093994140625,0.0
2024-11-29,1009.4758911132812,1009.802490234375,1008.8850708007812,1009.4758911132812,0.0
2024-12-02,1011.1593627929688,1013.9227294921875,1010.3076782226562,1011.33203125,0.0
2024-12-03,1011.4805297851562,1012.3806762695312,1011.1624755859375,1011.4805297851562,0.0
2024-12-04,1011.7119750976562,1013.1551513671875,1011.4899291992188,1011.7119750976562,0.0
2024-12-05,1012.1968994140625,1013.5814208984375,1011.9710083007812,1012.1968994140625,0.0
2024-12-06,1012.2258911132812,1013.3834838867188,1011.9534301757812,1012.2258911132812,0.0
2024-12-09,1014.3109130859375,1017.4745483398438,1012.4528198242188,1014.3109130859375,0.0
2024-12-10,1015.7498779296875,1016.7739868164062,1015.4616088867188,1015.7498779296875,0.0
2024-12-11,1016.2216186523438,1017.2003173828125,1015.9129028320312,1016.2216186523438,0.0
2024-12-12,1016.9618530273438,1018.1170654296875,1016.7387084960938,1016.9618530273438,0.0
2024-12-13,1018.2546997070312,1018.3958129882812,1017.4793701171875,1018.2546997070312,0.0
2024-12-16,1016.1852416992188,1020.8380126953125,1014.8947143554688,1016.1852416992188,0.0
2024-12-17,1021.2457275390625,1021.5228271484375,1020.6439819335938,1021.2457275390625,0.0
2024-12-18,1020.31591796875,1022.0291137695312,1020.248046875,1020.31591796875,0.0
2024-12-19,1022.260498046875,1022.5595092773438,1021.926513671875,1022.260498046875,0.0
2024-12-20,1021.9852294921875,1022.8538208007812,1021.7042236328125,1021.9852294921875,0.0
2024-12-23,1017.8800659179688,1025.5689697265625,1016.6522216796875,1017.8800659179688,0.0
2024-12-24,1025.7352294921875,1025.8486328125,1025.4688720703125,1025.7352294921875,0.0
2024-12-25,1025.154296875,1028.591552734375,1022.4026489257812,1025.154296875,0.0
2024-12-26,1025.4500732421875,1027.0306396484375,1023.3045043945312,1025.4500732421875,0.0
2024-12-27,1023.3339233398438,1029.3043212890625,1023.1473999023438,1023.3339233398438,0.0
2024-12-30,1029.8970947265625,1031.032958984375,1028.5238037109375,1029.8970947265625,0.0
2024-12-31,1030.975341796875,1031.223876953125,1030.7430419921875,1030.975341796875,0.0
2025-01-02,1030.8507080078125,1032.0699462890625,1028.5362548828125,1030.781005859375,0.0
2025-01-03,1031.739990234375,1032.78515625,1031.509033203125,1031.549072265625,0.0
2025-01-06,1032.4954833984375,1034.8994140625,1029.6951904296875,1032.4954833984375,0.0
2025-01-07,1034.735107421875,1035.3798828125,1034.4212646484375,1034.735107421875,0.0
2025-01-08,1035.2401123046875,1035.9161376953125,1035.0301513671875,1035.2401123046875,0.0
2025-01-09,1035.739990234375,1036.870849609375,1035.529296875,1035.739990234375,0.0
2025-01-10,1036.7601318359375,1037.071044921875,1036.4482421875,1036.7601318359375,0.0
2025-01-13,1036.9075927734375,1046.0985107421875,1036.3798828125,1036.9075927734375,0.0
2025-01-14,1039.5152587890625,1040.62451171875,1031.27783203125,1039.5152587890625,0.0
2025-01-15,1040.1195068359375,1041.3319091796875,1039.9580078125,1040.1195068359375,0.0
2025-01-16,1040.73486328125,1041.746826171875,1040.4971923828125,1040.73486328125,0.0
2025-01-17,1041.2449951171875,1041.9176025390625,1038.9508056640625,1041.2449951171875,0.0
2025-01-20,1044.084716796875,1045.4471435546875,1041.0556640625,1044.084716796875,0.0
2025-01-21,1045.739990234375,1046.23388671875,1037.1927490234375,1045.739990234375,0.0
2025-01-22,1046.2457275390625,1046.8612060546875,1040.07470703125,1046.2457275390625,0.0
2025-01-23,1047.2449951171875,1050.1026611328125,1046.674560546875,1047.2449951171875,0.0
2025-01-24,1046.9949951171875,1047.3697509765625,1045.7781982421875,1046.9949951171875,0.0
2025-01-27,1048.8140869140625,1050.574951171875,1046.0599365234375,1048.8140869140625,0.0
2025-01-28,1049.739990234375,1050.6065673828125,1049.4326171875,1049.739990234375,0.0
2025-01-29,1050.2449951171875,1051.3662109375,1049.1448974609375,1050.2449951171875,0.0
2025-01-30,1051.2449951171875,1052.08642578125,1050.9527587890625,1051.2449951171875,0.0
2025-01-31,1051.239990234375,1051.413330078125,1050.6337890625,1051.239990234375,0.0
2025-02-03,1064.481689453125,1067.98388671875,1049.8194580078125,1064.481689453125,0.0
2025-02-04,1053.37060546875,1053.72216796875,1052.8858642578125,1053.37060546875,0.0
2025-02-05,1053.6156005859375,1054.2967529296875,1048.1317138671875,1053.6156005859375,0.0
2025-02-06,1053.864990234375,1054.33154296875,1053.5860595703125,1053.864990234375,0.0
2025-02-07,1053.87060546875,1055.109619140625,1051.577880859375,1053.87060546875,0.0
2025-02-10,1060.9869384765625,1062.357177734375,1053.13037109375,1060.9869384765625,0.0
2025-02-11,1055.9951171875,1056.093017578125,1055.2093505859375,1055.9951171875,0.0
2025-02-12,1055.3253173828125,1056.3492431640625,1051.18701171875,1055.3253173828125,0.0
2025-02-13,1056.35888671875,1056.762451171875,1053.063720703125,1056.35888671875,0.0
2025-02-14,1056.8804931640625,1057.0213623046875,1050.6927490234375,1056.8804931640625,0.0
2025-02-17,1054.6903076171875,1059.3714599609375,1053.019775390625,1054.6903076171875,0.0
2025-02-18,1059.380859375,1059.471923828125,1057.730224609375,1059.380859375,0.0
2025-02-19,1058.10888671875,1058.7957763671875,1057.88720703125,1058.10888671875,0.0
2025-02-20,1058.5946044921875,1059.53466796875,1058.374755859375,1058.5946044921875,0.0
2025-02-21,1058.880126953125,1060.3258056640625,1058.32861328125,1058.880126953125,0.0
2025-02-24,1058.2578125,1060.44677734375,1052.7110595703125,1058.2578125,0.0
2025-02-25,1060.1302490234375,1060.9718017578125,1059.8778076171875,1060.1302490234375,0.0
2025-02-26,1060.625,1061.226318359375,1057.407470703125,1060.625,0.0
2025-02-27,1061.1251220703125,1061.892333984375,1060.6998291015625,1061.1251220703125,0.0
2025-02-28,1061.9737548828125,1062.4193115234375,1061.2425537109375,1061.9737548828125,0.0
2025-03-03,1060.554443359375,1063.8724365234375,1059.232666015625,1060.554443359375,0.0
2025-03-04,1063.7254638671875,1063.8349609375,1060.0860595703125,1063.7254638671875,0.0
2025-03-05,1063.7449951171875,1063.9500732421875,1056.7615966796875,1063.7449951171875,0.0
2025-03-06,1063.625,1064.04296875,1063.3599853515625,1063.625,0.0
2025-03-07,1063.6060791015625,1064.6243896484375,1063.334228515625,1063.6060791015625,0.0
2025-03-10,1062.7041015625,1065.819580078125,1061.5750732421875,1062.7041015625,0.0
2025-03-11,1065.0704345703125,1066.0682373046875,1065.1055908203125,1065.0704345703125,0.0
2025-03-12,1065.5467529296875,1066.2252197265625,1064.6094970703125,1065.5467529296875,0.0
2025-03-13,1065.8651123046875,1066.473876953125,1065.60986328125,1065.8651123046875,0.0
2025-03-14,1066.3701171875,1067.2611083984375,1066.065185546875,1066.3701171875,0.0
2025-03-17,1067.7911376953125,1068.6551513671875,1065.036376953125,1067.7911376953125,0.0
2025-03-18,1067.6199951171875,1068.537353515625,1064.8966064453125,1067.6199951171875,0.0
2025-03-19,1068.1346435546875,1069.16015625,1067.8359375,1068.1346435546875,0.0
2025-03-20,1068.7623291015625,1069.18408203125,1068.595458984375,1068.7623291015625,0.0
2025-03-21,1068.740966796875,1068.8641357421875,1067.9775390625,1068.740966796875,0.0
2025-03-24,1066.4261474609375,1072.0343017578125,1065.9736328125,1066.4261474609375,0.0
2025-03-25,1068.5450439453125,1071.5208740234375,1068.0169677734375,1068.5450439453125,0.0
2025-03-26,1070.625,1071.5396728515625,1070.3671875,1070.625,0.0
2025-03-27,1071.10009765625,1073.2259521484375,1070.610595703125,1071.10009765625,0.0
2025-03-28,1071.620849609375,1071.6646728515625,1070.5283203125,1071.620849609375,0.0
2025-03-30,1066.0369873046875,1073.2392578125,1063.899169921875,1066.0369873046875,0.0
2025-03-31,1073.1002197265625,1073.34814453125,1072.6920166015625,1073.1002197265625,0.0
2025-04-01,1072.8360595703125,1073.170654296875,1072.596435546875,1072.8360595703125,0.0
2025-04-02,1072.836181640625,1074.208251953125,1072.489990234375,1072.836181640625,0.0
2025-04-03,1074.3709716796875,1074.6851806640625,1072.896240234375,1074.3709716796875,0.0
2025-04-06,1078.56982421875,1084.9586181640625,1073.251708984375,1078.56982421875,0.0
2025-04-07,1075.08740234375,1075.650390625,1074.9498291015625,1075.08740234375,0.0
2025-04-08,1075.711669921875,1076.79052734375,1075.4437255859375,1075.711669921875,0.0
2025-04-09,1076.2127685546875,1082.678955078125,1072.6666259765625,1076.2127685546875,0.0
2025-04-10,1076.39013671875,1076.71728515625,1075.2113037109375,1076.39013671875,0.0
2025-04-13,1075.76513671875,1191.029052734375,1069.6451416015625,1075.76513671875,0.0
2025-04-14,1196.1458740234375,1200.049072265625,1194.7891845703125,1196.1458740234375,0.0
2025-04-15,1198.2567138671875,1203.5640869140625,1150.9698486328125,1198.2567138671875,0.0
2025-04-16,1138.05615234375,1138.5477294921875,1137.651123046875,1138.05615234375,0.0
2025-04-21,1123.90625,1126.946533203125,1077.3695068359375,1124.0528564453125,0.0
2025-04-22,1103.0059814453125,1127.619384765625,1093.49609375,1103.0059814453125,0.0
2025-04-23,1163.4913330078125,1183.97314453125,1157.3843994140625,1163.4913330078125,0.0
2025-04-24,1174.2420654296875,1182.5772705078125,1168.49609375,1174.2420654296875,0.0
2025-04-27,1170.5020751953125,1175.658935546875,1153.93017578125,1170.5020751953125,0.0
2025-04-28,1177.98583984375,1184.109375,1168.46435546875,1177.98583984375,0.0
2025-04-29,1165.001220703125,1174.4683837890625,1162.4134521484375,1165.001220703125,0.0
2025-04-30,1173.0775146484375,1174.899658203125,1167.4342041015625,1173.0775146484375,0.0
2025-05-01,1176.068359375,1178.2327880859375,1172.533935546875,1176.068359375,0.0
2025-05-04,1173.687744140625,1180.5357666015625,1171.072509765625,1173.687744140625,0.0
2025-05-05,1202.0057373046875,1206.0120849609375,1197.4912109375,1202.0057373046875,0.0
2025-05-06,1194.98974609375,1204.5596923828125,1161.4873046875,1194.98974609375,0.0
2025-05-07,1144.99609375,1145.2633056640625,1119.9405517578125,1144.99609375,0.0
2025-05-08,1112.5009765625,1112.6492919921875,1104.9365234375,1112.5009765625,0.0
2025-05-11,1129.2677001953125,1130.09765625,1118.85009765625,1129.2677001953125,0.0
2025-05-12,1130.500244140625,1135.158447265625,1123.4345703125,1130.500244140625,0.0
2025-05-13,1124.989990234375,1132.1112060546875,1120.915283203125,1124.989990234375,0.0
2025-05-14,1131.4898681640625,1136.53662109375,1128.83349609375,1131.4898681640625,0.0
2025-05-15,1138.0001220703125,1146.35400390625,1137.7259521484375,1138.0001220703125,0.0
2025-05-18,1139.352783203125,1142.7027587890625,1129.40087890625,1139.352783203125,0.0
2025-05-19,1138.424072265625,1144.765380859375,1136.6702880859375,1138.424072265625,0.0
2025-05-20,1142.989990234375,1152.576904296875,1141.9910888671875,1142.989990234375,0.0
2025-05-21,1147.496826171875,1149.5927734375,1138.9405517578125,1147.496826171875,0.0
2025-05-22,1136.2298583984375,1141.036376953125,1132.875244140625,1136.2298583984375,0.0
2025-05-25,1133.8521728515625,1144.505126953125,1128.6693115234375,1133.8521728515625,0.0
2025-05-26,1143.489990234375,1146.6112060546875,1137.4112548828125,1143.489990234375,0.0
2025-05-27,1156.49609375,1165.501220703125,1152.9110107421875,1156.49609375,0.0
2025-05-28,1160.25537109375,1180.000244140625,1152.3985595703125,1160.25537109375,0.0
2025-05-29,1183.9898681640625,1201.5595703125,1183.57861328125,1183.9898681640625,0.0
2025-06-01,1181.4444580078125,1189.126220703125,1175.9178466796875,1181.4444580078125,0.0
2025-06-02,1180.750244140625,1189.4949951171875,1179.943359375,1180.750244140625,0.0
2025-06-03,1184.2451171875,1184.3492431640625,1179.8555908203125,1184.2451171875,0.0
2025-06-04,1185.27099609375,1193.584716796875,1182.9229736328125,1185.27099609375,0.0
2025-06-05,1187.500244140625,1191.5848388671875,1187.1932373046875,1187.500244140625,0.0
2025-06-08,1189.171142578125,1190.5228271484375,1184.7266845703125,1188.978271484375,0.0
2025-06-09,1185.2657470703125,1189.7669677734375,1180.8135986328125,1185.2657470703125,0.0
2025-06-10,1187.7607421875,1187.915771484375,1182.475830078125,1187.7607421875,0.0
2025-06-11,1182.011474609375,1190.567138671875,1181.3880615234375,1182.011474609375,0.0
2025-06-12,1184.500244140625,1191.5545654296875,1184.1357421875,1184.500244140625,0.0
2025-06-15,1179.307373046875,1183.9644775390625,1178.744140625,1179.307373046875,0.0
2025-06-16,1182.2449951171875,1184.6236572265625,1178.70166015625,1182.2449951171875,0.0
2025-06-17,1162.515380859375,1165.6319580078125,1142.7550048828125,1162.515380859375,0.0
2025-06-18,1142.25,1162.7454833984375,1142.029541015625,1142.25,0.0
2025-06-19,1164.4898681640625,1165.1700439453125,1164.192138671875,1164.4898681640625,0.0
2025-06-22,1166.8619384765625,1169.6944580078125,1159.34521484375,1166.8619384765625,0.0
2025-06-23,1171.400146484375,1184.082763671875,1170.726806640625,1171.400146484375,0.0
2025-06-24,1174.0062255859375,1175.275390625,1171.679443359375,1174.0062255859375,0.0
2025-06-25,1189.989990234375,1198.5462646484375,1186.481201171875,1189.989990234375,0.0
2025-06-26,1188.5001220703125,1192.075439453125,1186.445556640625,1188.5001220703125,0.0
2025-06-29,1187.233154296875,1192.552001953125,1186.1785888671875,1187.233154296875,0.0
2025-06-30,1204.474609375,1205.0146484375,1193.9344482421875,1204.474609375,0.0
2025-07-01,1220.9951171875,1242.021484375,1219.9268798828125,1220.9951171875,0.0
2025-07-02,1229.0992431640625,1230.539794921875,1223.9442138671875,1229.0992431640625,0.0
2025-07-03,1231.5107421875,1239.0423583984375,1231.2176513671875,1231.5107421875,0.0
2025-07-06,1231.162841796875,1270.4951171875,1227.4385986328125,1231.162841796875,0.0
2025-07-07,1261.97900390625,1265.8968505859375,1252.334716796875,1261.97900390625,0.0
2025-07-08,1254.4908447265625,1254.71484375,1252.506591796875,1254.4908447265625,0.0
2025-07-09,1252.5504150390625,1261.7288818359375,1252.3316650390625,1252.5504150390625,0.0
2025-07-10,1255.73974609375,1264.18017578125,1254.89453125,1255.73974609375,0.0
2025-07-13,1256.93017578125,1266.0384521484375,1255.18408203125,1256.93017578125,0.0
2025-07-14,1279.02685546875,1291.3616943359375,1272.3963623046875,1279.02685546875,0.0
2025-07-15,1260.0233154296875,1263.011474609375,1247.3873291015625,1260.0233154296875,0.0
2025-07-16,1261.4951171875,1266.2734375,1259.20703125,1261.4951171875,0.0
2025-07-17,1273.8875732421875,1282.4949951171875,1271.867431640625,1273.8875732421875,0.0
2025-07-20,1274.7052001953125,1293.5792236328125,1274.108154296875,1274.7052001953125,0.0
2025-07-21,1273.9896240234375,1279.5838623046875,1256.414794921875,1273.9896240234375,0.0
2025-07-22,1255.50146484375,1262.03271484375,1255.2008056640625,1255.50146484375,0.0
2025-07-23,1258.4041748046875,1262.05517578125,1257.3304443359375,1258.4041748046875,0.0
2025-07-24,1272.9962158203125,1280.50048828125,1271.4150390625,1272.9962158203125,0.0
2025-07-27,1269.8056640625,1289.08935546875,1268.4840087890625,1269.8056640625,0.0
2025-07-28,1293.8455810546875,1301.2744140625,1289.9532470703125,1293.8455810546875,0.0
2025-07-29,1291.5062255859375,1294.05810546875,1288.6705322265625,1291.5062255859375,0.0
2025-07-30,1320.0069580078125,1352.0364990234375,1314.9320068359375,1320.0069580078125,0.0
2025-07-31,1371.4771728515625,1371.8299560546875,1346.4205322265625,1371.4771728515625,0.0
2025-08-03,1350.8834228515625,1365.0185546875,1350.54541015625,1350.8834228515625,0.0
2025-08-04,1357.4715576171875,1357.7664794921875,1346.967041015625,1357.4715576171875,0.0
2025-08-05,1339.2392578125,1340.05859375,1331.869140625,1339.2392578125,0.0
2025-08-06,1331.55224609375,1337.9959716796875,1327.4381103515625,1331.55224609375,0.0
2025-08-07,1326.171142578125,1332.4949951171875,1324.3541259765625,1326.171142578125,0.0
2025-08-10,1324.82177734375,1336.012451171875,1321.728759765625,1324.82177734375,0.0
2025-08-11,1321.233642578125,1322.58740234375,1315.8428955078125,1321.233642578125,0.0
2025-08-12,1316.750732421875,1326.0970458984375,1314.8782958984375,1316.750732421875,0.0
2025-08-13,1313.72265625,1317.5244140625,1295.9227294921875,1313.72265625,0.0
2025-08-14,1298.489501953125,1298.729736328125,1298.2177734375,1298.489501953125,0.0
2025-08-17,1296.1851806640625,1307.573486328125,1295.6539306640625,1296.1851806640625,0.0
2025-08-18,1292.7174072265625,1298.6175537109375,1291.3800048828125,1292.7174072265625,0.0
2025-08-19,1291.49072265625,1303.028564453125,1291.1341552734375,1291.49072265625,0.0
2025-08-20,1300.5174560546875,1310.5966796875,1298.419921875,1300.5174560546875,0.0
2025-08-21,1314.4949951171875,1326.6663818359375,1314.195068359375,1314.4949951171875,0.0
2025-08-24,1301.7874755859375,1356.56591796875,1301.7874755859375,1301.7095947265625,0.0
2025-08-25,1358.9962158203125,1362.6182861328125,1349.4024658203125,1358.9892578125,0.0
2025-08-26,1356.06494140625,1366.5126953125,1354.884033203125,1356.06494140625,0.0
2025-08-27,1351.012451171875,1352.5472412109375,1333.4949951171875,1351.012451171875,0.0
2025-08-28,1333.989501953125,1334.24658203125,1316.4332275390625,1333.989501953125,0.0
2025-08-31,1331.4405517578125,1371.30859375,1328.7127685546875,1331.4405517578125,0.0
2025-09-01,1376.7344970703125,1378.5909423828125,1360.1927490234375,1376.7344970703125,0.0
2025-09-02,1359.4951171875,1361.135009765625,1351.85009765625,1359.4951171875,0.0
2025-09-03,1361.263671875,1362.7537841796875,1353.44873046875,1361.263671875,0.0
2025-09-04,1362.4949951171875,1366.820556640625,1362.2159423828125,1362.4949951171875,0.0
2025-09-07,1364.958740234375,1436.8031005859375,1359.3702392578125,1364.958740234375,0.0
2025-09-08,1423.000244140625,1423.3529052734375,1413.39990234375,1423.000244140625,0.0
2025-09-09,1415.989013671875,1422.5750732421875,1414.920654296875,1415.989013671875,0.0
2025-09-10,1423.94140625,1430.1417236328125,1423.0072021484375,1423.94140625,0.0
2025-09-11,1432.751220703125,1453.532470703125,1432.4091796875,1432.751220703125,0.0
2025-09-14,1451.1441650390625,1469.56689453125,1449.696533203125,1451.1441650390625,0.0
2025-09-15,1465.989990234375,1466.6595458984375,1461.23681640625,1465.989990234375,0.0
2025-09-16,1469.5074462890625,1474.2698974609375,1459.1175537109375,1469.5074462890625,0.0
2025-09-17,1473.739990234375,1474.4139404296875,1470.80712890625,1473.739990234375,0.0
2025-09-18,1474.0198974609375,1477.1524658203125,1473.607421875,1474.0198974609375,0.0
2025-09-21,1477.3140869140625,1478.6043701171875,1422.1025390625,1477.3140869140625,0.0
2025-09-22,1410.2391357421875,1410.4434814453125,1348.24365234375,1410.2391357421875,0.0
2025-09-23,1367.4788818359375,1368.5709228515625,1328.9837646484375,1367.4788818359375,0.0
2025-09-24,1337.51220703125,1338.657470703125,1317.483154296875,1337.51220703125,0.0
2025-09-25,1339.490478515625,1340.8310546875,1322.4227294921875,1339.490478515625,0.0
2025-09-28,1334.5177001953125,1349.9910888671875,1329.1153564453125,1334.5177001953125,0.0
2025-09-29,1358.012451171875,1375.5185546875,1342.4256591796875,1358.012451171875,0.0
2025-09-30,1379.692138671875,1425.067626953125,1379.4586181640625,1379.692138671875,0.0
2025-10-01,1423.5010986328125,1424.892333984375,1419.9105224609375,1423.5010986328125,0.0
2025-10-02,1424.5133056640625,1425.1817626953125,1424.1912841796875,1424.5133056640625,0.0
2025-10-05,1427.435302734375,1429.8673095703125,1424.1864013671875,1427.435302734375,0.0
2025-10-06,1429.7327880859375,1429.9586181640625,1419.1724853515625,1429.7327880859375,0.0
2025-10-07,1429.696044921875,1430.505615234375,1429.4388427734375,1429.696044921875,0.0
2025-10-08,1429.69580078125,1468.790283203125,1429.4373779296875,1429.69580078125,0.0
2025-10-09,1421.501220703125,1421.7716064453125,1421.1771240234375,1421.501220703125,0.0
2025-10-12,1417.95068359375,1427.538330078125,1347.43115234375,1417.95068359375,0.0
2025-10-13,1348.4193115234375,1366.565673828125,1347.3321533203125,1348.4193115234375,0.0
2025-10-14,1357.5068359375,1392.001953125,1356.958251953125,1357.5068359375,0.0
2025-10-15,1361.4833984375,1389.1141357421875,1361.1153564453125,1361.4833984375,0.0
2025-10-16,1405.4952392578125,1443.075439453125,1405.2069091796875,1405.4952392578125,0.0
2025-10-19,1455.139892578125,1477.0394287109375,1452.9576416015625,1455.139892578125,0.0
2025-10-20,1477.4962158203125,1485.5462646484375,1476.7459716796875,1477.4962158203125,0.0
2025-10-21,1490.2386474609375,1490.437744140625,1476.7069091796875,1490.2386474609375,0.0
2025-10-22,1488.4949951171875,1489.4949951171875,1477.899658203125,1488.4949951171875,0.0
2025-10-23,1482.98876953125,1486.046142578125,1478.4949951171875,1482.98876953125,0.0
2025-10-27,1480.652099609375,1492.0025634765625,1349.9661865234375,1480.652099609375,0.0
2025-10-28,1432.4705810546875,1486.5526123046875,1432.1142578125,1432.4705810546875,0.0
2025-10-29,1473.47607421875,1473.648193359375,1451.3330078125,1473.47607421875,0.0
2025-10-30,1437.4951171875,1446.507568359375,1432.3529052734375,1437.4951171875,0.0
2025-10-31,1439.4951171875,1454.0394287109375,1429.4764404296875,1439.4951171875,0.0
2025-11-03,1447.9395751953125,1473.54296875,1439.901611328125,1447.9395751953125,0.0
2025-11-04,1480.2579345703125,1482.5467529296875,1466.3843994140625,1480.2579345703125,0.0
2025-11-05,1457.73876953125,1457.923828125,1442.3873291015625,1457.73876953125,0.0
2025-11-06,1450.7576904296875,1450.921142578125,1449.9825439453125,1450.7576904296875,0.0
2025-11-07,1450.7398681640625,1459.9949951171875,1434.7596435546875,1450.7398681640625,0.0
2025-11-10,1408.418701171875,1425.0819091796875,1405.7386474609375,1408.5162353515625,0.0
2025-11-11,1419.9971923828125,1423.641357421875,1412.1478271484375,1419.9849853515625,0.0
2025-11-12,1409.9759521484375,1412.57568359375,1389.917236328125,1409.904052734375,0.0
2025-11-13,1408.5081787109375,1412.6287841796875,1401.9830322265625,1408.5072021484375,0.0
2025-11-14,1408.00830078125,1408.1595458984375,1401.96484375,1407.989013671875,0.0
2025-11-17,1409.274658203125,1410.726806640625,1394.9949951171875,1407.2044677734375,0.0
2025-11-18,1387.0010986328125,1393.0731201171875,1386.683837890625,1387.0010986328125,0.0
2025-11-19,1400.5313720703125,1404.622802734375,1397.2657470703125,1400.501220703125,0.0
2025-11-20,1406.921875,1423.9949951171875,1406.6407470703125,1406.964599609375,0.0
2025-11-21,1424.5135498046875,1424.7314453125,1424.124755859375,1424.2357177734375,0.0
2025-11-24,1424.525146484375,1424.9154052734375,1421.89306640625,1424.4954833984375,0.0
2025-11-25,1424.4012451171875,1452.8831787109375,1424.07373046875,1424.4073486328125,0.0
2025-11-26,1447.5137939453125,1457.007568359375,1441.9765625,1447.45751953125,0.0
2025-11-27,1452.719970703125,1456.026611328125,1442.40185546875,1452.6512451171875,0.0
2025-11-28,1450.5013427734375,1452.8131103515625,1449.394775390625,1450.1387939453125,0.0
2025-12-01,1445.8758544921875,1450.4515380859375,1444.214111328125,1450.2454833984375,0.0
2025-12-02,1451.2637939453125,1455.6383056640625,1450.8575439453125,1451.2701416015625,0.0
2025-12-03,1456.48876953125,1456.6451416015625,1452.314453125,1456.48876953125,0.0
2025-12-04,1452.98876953125,1455.7197265625,1444.4764404296875,1452.9949951171875,0.0
2025-12-05,1445.9951171875,1446.156494140625,1435.36572265625,1446.0074462890625,0.0
2025-12-08,1445.93505859375,1446.164794921875,1428.2630615234375,1433.9954833984375,0.0
2025-12-09,1434.4898681640625,1441.6314697265625,1434.11328125,1434.500244140625,0.0
2025-12-10,1439.685546875,1441.8885498046875,1433.9273681640625,1440.013671875,0.0
2025-12-11,1437.7451171875,1440.074951171875,1435.6839599609375,1437.7451171875,0.0
2025-12-12,1436.4951171875,1440.2696533203125,1434.45654296875,1436.4827880859375,0.0
2025-12-15,1436.1734619140625,1441.55029296875,1434.3087158203125,1440.7454833984375,0.0
2025-12-16,1438.25732421875,1467.4954833984375,1437.896484375,1438.2449951171875,0.0
2025-12-17,1450.2574462890625,1452.516845703125,1447.44873046875,1450.2574462890625,0.0
2025-12-18,1450.73876953125,1454.437255859375,1450.3929443359375,1450.732666015625,0.0
2025-12-19,1450.1141357421875,1453.313232421875,1449.663818359375,1450.1141357421875,0.0
2025-12-22,1450.7542724609375,1453.0762939453125,1447.7794189453125,1449.2454833984375,0.0
2025-12-23,1451.77587890625,1451.917724609375,1449.137939453125,1451.7193603515625,0.0
2025-12-24,1450.27978515625,1450.63037109375,1450.11328125,1450.1568603515625,0.0
2025-12-26,1449.657958984375,1452.4744873046875,1448.3189697265625,1449.5780029296875,0.0
2025-12-29,1450.2430419921875,1457.3192138671875,1447.884521484375,1450.4954833984375,0.0
2025-12-30,1456.9949951171875,1461.6007080078125,1454.6982421875,1457.0074462890625,0.0
2025-12-31,1451.482666015625,1452.5677490234375,1450.9693603515625,1451.4888916015625,0.0
2026-01-02,1449.67919921875,1474.5169677734375,1448.0904541015625,1449.7840576171875,0.0
2026-01-05,1479.9794921875,1484.5377197265625,1468.932373046875,1474.7454833984375,0.0
2026-01-06,1469.600830078125,1472.6334228515625,1465.8382568359375,1469.73876953125,0.0
2026-01-07,1467.219970703125,1472.3458251953125,1466.94384765625,1467.2261962890625,0.0
2026-01-08,1460.5013427734375,1462.595458984375,1457.101318359375,1460.4949951171875,0.0
2026-01-09,1463.4951171875,1468.7095947265625,1462.60595703125,1463.4951171875,0.0
2026-01-12,1463.2689208984375,1468.7764892578125,1460.297607421875,1464.7454833984375,0.0
2026-01-13,1467.2435302734375,1468.3836669921875,1462.1446533203125,1467.3880615234375,0.0
2026-01-14,1458.4949951171875,1459.3017578125,1452.870361328125,1458.476318359375,0.0
2026-01-15,1453.445068359375,1453.6199951171875,1443.6890869140625,1453.4637451171875,0.0
2026-01-16,1442.0694580078125,1442.1812744140625,1430.90869140625,1442.00634765625,0.0
2026-01-19,1423.035400390625,1434.59375,1421.4700927734375,1429.4954833984375,0.0
2026-01-20,1435.9888916015625,1437.3798828125,1433.3916015625,1435.6866455078125,0.0
2026-01-21,1434.2327880859375,1436.7236328125,1427.4522705078125,1434.2449951171875,0.0
2026-01-22,1429.96435546875,1430.1785888671875,1424.3797607421875,1430.001220703125,0.0
2026-01-23,1429.239013671875,1433.305908203125,1424.3111572265625,1429.2451171875,0.0
2026-01-26,1415.62841796875,1442.0859375,1413.51123046875,1434.4954833984375,0.0
2026-01-27,1437.8055419921875,1443.608154296875,1435.9312744140625,1437.575439453125,0.0
2026-01-28,1442.757080078125,1444.055419921875,1437.9017333984375,1442.8111572265625,0.0
2026-01-29,1444.555419921875,1447.439208984375,1443.843994140625,1444.5010986328125,0.0
2026-01-30,1443.7938232421875,1448.5865478515625,1443.3455810546875,1444.0712890625,0.0
2026-02-02,1453.33642578125,1457.024169921875,1446.3843994140625,1446.9954833984375,0.0
2026-02-03,1452.0257568359375,1454.371337890625,1447.3968505859375,1451.9765625,0.0
2026-02-04,1444.7689208984375,1448.86767578125,1444.2032470703125,1445.0072021484375,0.0
2026-02-05,1447.7757568359375,1448.2818603515625,1445.12060546875,1447.75634765625,0.0
2026-02-06,1442.251708984375,1442.75732421875,1426.223388671875,1442.1353759765625,0.0
2026-02-09,1431.7855224609375,1438.9716796875,1418.7449951171875,1431.7855224609375,0.0
2026-02-10,1416.4951171875,1418.5546875,1400.3424072265625,1416.4891357421875,0.0
2026-02-11,1403.9891357421875,1410.6846923828125,1399.365234375,1403.9891357421875,0.0
2026-02-12,1404.270263671875,1407.1461181640625,1390.08740234375,1404.3768310546875,0.0
2026-02-13,1397.053955078125,1401.0423583984375,1391.6922607421875,1397.1126708984375,0.0
2026-02-16,1396.6700439453125,1399.6971435546875,1395.846435546875,1399.2454833984375,0.0
2026-02-17,1399.2449951171875,1401.2451171875,1393.2945556640625,1399.2626953125,0.0
2026-02-18,1393.4891357421875,1405.5426025390625,1393.212646484375,1393.4774169921875,0.0
2026-02-19,1396.9951171875,1398.542724609375,1388.9537353515625,1396.983154296875,0.0
2026-02-20,1390.418212890625,1390.9993896484375,1381.580810546875,1390.470458984375,0.0
2026-02-23,1370.6951904296875,1376.0933837890625,1361.943115234375,1375.7454833984375,0.0
2026-02-24,1369.2333984375,1378.0535888671875,1368.983642578125,1369.2459716796875,0.0
2026-02-25,1379.7392578125,1388.5655517578125,1378.4920654296875,1379.7451171875,0.0
2026-02-26,1397.258544921875,1423.537353515625,1396.799560546875,1397.5128173828125,0.0
2026-02-27,1408.512939453125,1419.24755859375,1407.4771728515625,1408.4820556640625,0.0
2026-03-02,1412.1390380859375,1419.9949951171875,1386.430908203125,1396.9954833984375,0.0
2026-03-03,1394.161865234375,1414.6109619140625,1393.4033203125,1394.012939453125,0.0
2026-03-04,1415.0316162109375,1416.9949951171875,1398.910888671875,1415.0010986328125,0.0
2026-03-05,1401.51318359375,1410.1717529296875,1396.26025390625,1401.5191650390625,0.0
2026-03-06,1407.4951171875,1415.562255859375,1407.19189453125,1407.4405517578125,0.0
2026-03-09,1432.8369140625,1434.4803466796875,1406.543212890625,1415.4954833984375,0.0
2026-03-10,1415.7449951171875,1415.9932861328125,1403.9407958984375,1415.7451171875,0.0
2026-03-11,1399.4830322265625,1405.1534423828125,1394.058349609375,1399.4830322265625,0.0
2026-03-12,1395.537353515625,1403.116943359375,1395.2169189453125,1395.489013671875,0.0
2026-03-13,1395.489013671875,1400.1661376953125,1388.9344482421875,1395.489013671875,0.0
2026-03-16,1397.323974609375,1399.9383544921875,1392.958740234375,1398.2454833984375,0.0
2026-03-17,1396.5374755859375,1400.116455078125,1393.241455078125,1396.476806640625,0.0
2026-03-18,1396.2449951171875,1403.861328125,1392.4986572265625,1396.2208251953125,0.0
2026-03-19,1394.4525146484375,1401.5439453125,1393.9903564453125,1394.4647216796875,0.0
2026-03-20,1394.9951171875,1400.03759765625,1394.302001953125,1394.970947265625,0.0
2026-03-23,1382.784423828125,1400.275146484375,1382.3597412109375,1391.4954833984375,0.0
2026-03-24,1397.02099609375,1397.5655517578125,1396.7236328125,1397.05712890625,0.0
2026-03-25,1397.4571533203125,1398.2491455078125,1376.7867431640625,1397.2646484375,0.0
2026-03-26,1376.739013671875,1382.54296875,1369.6322021484375,1376.72607421875,0.0
2026-03-27,1367.983154296875,1376.3763427734375,1367.7569580078125,1367.9891357421875,0.0
2026-03-29,1390.4166259765625,1396.08740234375,1384.986083984375,1390.5496826171875,0.0
2026-03-30,1398.25732421875,1399.9949951171875,1381.38720703125,1398.2451171875,0.0
2026-03-31,1382.536865234375,1387.0487060546875,1378.133056640625,1382.4949951171875,0.0
2026-04-01,1391.7509765625,1392.20166015625,1386.0,1391.733154296875,0.0
2026-04-02,1385.98876953125,1392.3875732421875,1385.6947021484375,1386.175048828125,0.0
2026-04-05,1389.92626953125,1390.391357421875,1382.7603759765625,1390.02294921875,0.0
2026-04-06,1386.38525390625,1396.7752685546875,1385.934814453125,1386.2349853515625,0.0
2026-04-07,1392.953369140625,1394.9959716796875,1380.9605712890625,1392.8758544921875,0.0
2026-04-08,1386.9901123046875,1391.2440185546875,1383.668212890625,1387.0020751953125,0.0
2026-04-09,1381.759765625,1383.8699951171875,1371.425048828125,1381.977294921875,0.0
2026-04-12,1386.7159423828125,1386.8763427734375,1362.9892578125,1386.5438232421875,0.0
2026-04-13,1354.7911376953125,1355.093994140625,1346.249755859375,1354.7276611328125,0.0
2026-04-14,1365.9776611328125,1369.0367431640625,1355.37158203125,1366.0008544921875,0.0
2026-04-15,1358.5928955078125,1362.5128173828125,1345.806640625,1358.4962158203125,0.0
2026-04-16,1356.2451171875,1361.58154296875,1348.4793701171875,1356.240478515625,0.0
2026-04-19,1362.831298828125,1373.53125,1359.928955078125,1362.6397705078125,0.0
2026-04-20,1376.7392578125,1385.5421142578125,1376.4820556640625,1376.7392578125,0.0
2026-04-21,1374.7568359375,1379.5255126953125,1374.390625,1374.7286376953125,0.0
2026-04-22,1378.478515625,1385.2391357421875,1378.0545654296875,1378.4774169921875,0.0
2026-04-23,1392.7689208984375,1399.1156005859375,1390.9774169921875,1392.733154296875,0.0
2026-04-26,1392.45361328125,1413.257080078125,1389.1544189453125,1392.4178466796875,0.0
2026-04-27,1416.51318359375,1419.0556640625,1406.944580078125,1416.4901123046875,0.0
2026-04-28,1404.7869873046875,1404.9261474609375,1393.4365234375,1404.7342529296875,0.0
2026-04-29,1390.96533203125,1394.251953125,1376.490234375,1390.9951171875,0.0
2026-04-30,1392.81005859375,1393.91552734375,1386.2266845703125,1392.787353515625,0.0
2026-05-03,1393.031005859375,1398.3238525390625,1391.2872314453125,1392.7923583984375,0.0
2026-05-04,1401.7852783203125,1402.1580810546875,1395.15673828125,1402.0009765625,0.0
2026-05-05,1392.81640625,1402.4248046875,1383.978515625,1392.4598388671875,0.0
2026-05-06,1387.733154296875,1392.1014404296875,1382.4012451171875,1387.7449951171875,0.0
2026-05-07,1395.4593505859375,1396.271728515625,1389.365234375,1395.4891357421875,0.0
2026-05-10,1401.93115234375,1404.01904296875,1396.4180908203125,1402.0323486328125,0.0
2026-05-11,1393.24609375,1397.4954833984375,1386.369873046875,1393.2569580078125,0.0
2026-05-12,1384.9715576171875,1388.498046875,1380.4373779296875,1384.9891357421875,0.0
2026-05-13,1391.9891357421875,1396.607666015625,1390.947509765625,1392.0069580078125,0.0
2026-05-14,1391.71630859375,1396.432373046875,1391.4583740234375,1391.7640380859375,0.0
2026-05-17,1394.7689208984375,1397.5732421875,1391.4615478515625,1394.9329833984375,0.0
2026-05-18,1395.9661865234375,1400.0135498046875,1393.918212890625,1395.991455078125,0.0
2026-05-19,1398.5301513671875,1401.639892578125,1397.9539794921875,1398.4964599609375,0.0
2026-05-20,1397.298583984375,1399.99658203125,1391.9114990234375,1397.1634521484375,0.0
2026-05-21,1389.736083984375,1394.9954833984375,1386.6656494140625,1389.6744384765625,0.0
2026-05-24,1401.694580078125,1402.4169921875,1400.752197265625,1401.691650390625,0.0
2026-05-25,1401.029541015625,1407.556640625,1400.0355224609375,1401.0115966796875,0.0
2026-05-26,1410.5146484375,1415.039306640625,1401.8616943359375,1410.50048828125,0.0
2026-05-27,1412.2637939453125,1418.2567138671875,1409.7022705078125,1412.2506103515625,0.0
2026-05-28,1409.4901123046875,1413.916748046875,1406.7159423828125,1409.489501953125,0.0
2026-05-31,1413.603515625,1422.0787353515625,1408.7677001953125,1413.52880859375,0.0
2026-06-01,1427.0548095703125,1428.8135986328125,1424.416748046875,1427.239990234375,0.0
2026-06-02,1426.731689453125,1433.779052734375,1426.251708984375,1426.7274169921875,0.0
2026-06-03,1439.06396484375,1445.4949951171875,1435.6680908203125,1438.994384765625,0.0
2026-06-04,1436.9898681640625,1443.54443359375,1436.764404296875,1436.976318359375,0.0
2026-06-07,1450.4952392578125,1451.36328125,1440.477783203125,1450.4970703125,0.0
2026-06-08,1446.51318359375,1451.48583984375,1445.0030517578125,1446.4893798828125,0.0
2026-06-09,1441.984375,1447.6558837890625,1436.8707275390625,1441.97998046875,0.0
2026-06-10,1433.2991943359375,1433.601318359375,1423.9820556640625,1433.2506103515625,0.0
2026-06-11,1432.508056640625,1436.502685546875,1430.9449462890625,1432.5074462890625,0.0
2026-06-14,1424.79345703125,1429.42138671875,1423.581298828125,1424.865234375,0.0
2026-06-15,1429.4925537109375,1433.531005859375,1428.9505615234375,1429.4814453125,0.0
2026-06-16,1436.79541015625,1437.8182373046875,1434.9945068359375,1436.7281494140625,0.0
2026-06-17,1441.4659423828125,1450.529541015625,1441.2523193359375,1441.467529296875,0.0
2026-06-18,1450.9156494140625,1463.57080078125,1450.7303466796875,1450.87353515625,0.0
2026-06-21,1450.984375,1467.62353515625,1406.47900390625,1451.37255859375,0.0
2026-06-22,1461.496826171875,1470.0235595703125,1461.2398681640625,1461.4896240234375,0.0
2026-06-23,1470.9918212890625,1479.5277099609375,1470.7415771484375,1470.98095703125,0.0
2026-06-24,1479.2982177734375,1479.4991455078125,1476.5965576171875,1479.2359619140625,0.0
2026-06-25,1477.249267578125,1477.3756103515625,1469.9747314453125,1477.2525634765625,0.0
2026-06-28,1479.29345703125,1482.6129150390625,1474.3590087890625,1479.1910400390625,0.0
2026-06-29,1481.240966796875,1483.49755859375,1475.9437255859375,1481.2030029296875,0.0
2026-06-30,1484.0,1487.8018798828125,1474.7149658203125,1484.00927734375,0.0
2026-07-01,1489.489501953125,1492.81884765625,1484.860107421875,1489.5450439453125,0.0
2026-07-02,1488.9942626953125,1489.645751953125,1486.4892578125,1488.9903564453125,0.0
2026-07-05,1493.76025390625,1494.9351806640625,1482.607421875,1493.7060546875,0.0
2026-07-06,1485.7508544921875,1492.31787109375,1485.507080078125,1485.7542724609375,0.0
2026-07-07,1492.001708984375,1494.8179931640625,1490.8746337890625,1492.017333984375,0.0
2026-07-08,1487.533447265625,1487.6522216796875,1487.203369140625,1487.4859619140625,0.0
2026-07-09,1487.4991455078125,1487.7459716796875,1487.2489013671875,1487.50244140625,0.0
2026-07-12,1491.3853759765625,1492.562744140625,1448.337158203125,1491.7099609375,0.0
2026-07-13,1482.9727783203125,1485.1514892578125,1475.701416015625,1482.99267578125,0.0
2026-07-14,1470.4271240234375,1474.5364990234375,1466.0025634765625,1470.4779052734375,0.0
2026-07-15,1476.00830078125,1477.019287109375,1472.5302734375,1476.013916015625,0.0
2026-07-16,1475.4910888671875,1481.5543212890625,1475.2059326171875,1475.4990234375,0.0
2026-07-19,1475.45703125,1481.4732666015625,1429.38232421875,1431.5400390625,0.0
2026-07-20,1481.4925537109375,1481.6224365234375,1476.946044921875,1481.523681640625,0.0
2026-07-21,1477.728759765625,1481.5181884765625,1477.4739990234375,1477.74609375,0.0
2026-07-22,1482.5667724609375,1489.8365478515625,1482.3612060546875,1482.3612060546875,0.0
2026-07-23,1488.9775390625,1495.2945556640625,1488.5157470703125,1488.9989013671875,0.0
2026-07-26,1494.88818359375,1500.22998046875,1441.0194091796875,1495.093505859375,0.0
2026-07-27,1497.1136474609375,1499.87109375,1496.719482421875,1497.056884765625,0.0
2026-07-28,1499.755859375,1499.9013671875,1495.015869140625,1499.7508544921875,0.0
2026-07-29,1495.48828125,1495.6778564453125,1490.0001220703125,1495.46435546875,0.0
2026-07-31,1488.5,1489.5,1485.0,1489.5,0.0
